id,competition_id,round,home_team_id,away_team_id,kickoff_at,venue,city,status,live_minute,home_score,away_score,home_pen,away_pen,notes,created_at,updated_at,timer_started_at,timer_elapsed_seconds,timer_running,lineup_mode,home_formation,away_formation,referee,highlight_url,round_number,lineups_published,venue_id,season,result_only,momentum_minutes
fa5a1cb2-28e1-481c-8aea-b00fe81de826,246d74c1-2746-40bf-ad75-cdff6fb0fe0e,Round 3,5087f15f-2ab8-4f32-9d52-cdec449664b1,44887540-58a4-40e1-b34d-48460b3aa821,2026-09-30 03:30:00+00,Prince Abdullah Al Faisal Stadium,,scheduled,,,,,,,2026-08-17 03:45:10.518674+00,2026-08-17 03:45:19.373938+00,,0,f,list,,,,,3,f,,2026,f,90
b97ad3ef-8f34-431c-824b-5a57ee5f9829,246d74c1-2746-40bf-ad75-cdff6fb0fe0e,Round 3,c924f997-11c5-48d7-a905-bd1a45b269a2,18da094d-7bfa-4077-932c-28123cfd0912,2026-09-30 03:30:00+00,King Abdullah Sports City Stadium,,scheduled,,,,,,,2026-08-17 03:45:10.518674+00,2026-08-17 03:45:28.966864+00,,0,f,list,,,,,3,f,,2026,f,90
fd30d451-1445-465d-b030-892d0b49f26a,246d74c1-2746-40bf-ad75-cdff6fb0fe0e,Round 3,30d428e9-3d5a-4ce6-8908-b227f9cf119c,91a3d70a-4152-44f2-bd21-54c94698e9ca,2026-10-01 03:30:00+00,Prince Abdullah Al Faisal Stadium,,scheduled,,,,,,,2026-08-17 03:45:10.518674+00,2026-08-17 03:45:36.782764+00,,0,f,list,,,,,3,f,,2026,f,90
a778d79b-70be-4ad4-923e-3df59883e741,246d74c1-2746-40bf-ad75-cdff6fb0fe0e,Round 3,c6c817b2-8f2c-499c-b02a-34f7736579df,e06e9326-d05d-49f5-870e-8904723d885d,2026-10-01 03:30:00+00,King Abdullah Sports City Stadium,,scheduled,,,,,,,2026-08-17 03:45:10.518674+00,2026-08-17 03:45:45.335343+00,,0,f,list,,,,,3,f,,2026,f,90
70d568bf-6879-46ba-b61e-10227b5f149b,792f150e-1c25-4f3c-878f-75536c7edd5b,Round 1,bc2e4358-851e-4dc2-a8aa-ee755c6dd447,91915327-7b03-4ccf-b968-52a1dae28a9f,2026-08-26 18:00:00+00,Sabah Al Salem Stadium,Mansouriya,scheduled,,,,,,,2026-08-20 01:20:48.572834+00,2026-08-20 21:04:07.752815+00,,0,f,list,,,,,1,f,,2026/2027,f,90
01e3b35c-9f47-4740-9482-31e111e0913c,792f150e-1c25-4f3c-878f-75536c7edd5b,Round 2,a7166bc6-b129-47bb-bc4e-e085b1a2dfcd,e834859a-a97d-47b8-88cc-6e58d04060e7,2026-08-30 15:40:00+00,Al-Sadaqua Walsalam Stadium,,scheduled,,,,,,,2026-08-20 01:20:48.572834+00,2026-08-20 19:23:47.669652+00,,0,f,list,,,,,2,f,,2026/2027,f,90
421ca45b-cf42-4e60-8a79-349cd5f26682,792f150e-1c25-4f3c-878f-75536c7edd5b,Round 3,4f941a6e-7ce2-416e-b293-7f010c901415,e834859a-a97d-47b8-88cc-6e58d04060e7,2026-09-05 17:50:00+00,Thamir Stadium,,scheduled,,,,,,,2026-08-20 01:20:48.572834+00,2026-08-20 19:24:00.072342+00,,0,f,list,,,,,3,f,,2026/2027,f,90
8e411019-b6b0-4441-a8ec-c3f672b1d694,792f150e-1c25-4f3c-878f-75536c7edd5b,Round 1,539cc6fb-d79a-449b-be23-1271355bd727,598d82e7-8002-4423-9468-d58ec371907c,2026-08-25 15:45:00+00,Ali Sabah Al-Salem Stadium,,scheduled,,,,,,,2026-08-20 01:20:48.572834+00,2026-08-20 01:20:48.572834+00,,0,f,list,,,,,1,f,,2026/2027,f,90
d3a560b2-8050-4f8c-a712-5cf1840c33ef,792f150e-1c25-4f3c-878f-75536c7edd5b,Round 1,073cfa17-037f-4b8b-a79a-aeb5dbee9a40,8d6cb3fe-6e3d-4cdc-af60-ea9de938d174,2026-08-25 18:00:00+00,Jaber Al-Ahmad International Stadium,,scheduled,,,,,,,2026-08-20 01:20:48.572834+00,2026-08-20 01:20:48.572834+00,,0,f,list,,,,,1,f,,2026/2027,f,90
c0971454-7a7e-4de8-abde-66dc5b95da1d,792f150e-1c25-4f3c-878f-75536c7edd5b,Round 1,a7166bc6-b129-47bb-bc4e-e085b1a2dfcd,666d9085-19bc-476a-a70a-e778d088eb23,2026-08-25 18:00:00+00,Al-Sadaqua Walsalam Stadium,,scheduled,,,,,,,2026-08-20 01:20:48.572834+00,2026-08-20 01:20:48.572834+00,,0,f,list,,,,,1,f,,2026/2027,f,90
194ea351-a279-4ea0-a4f9-470251759b67,792f150e-1c25-4f3c-878f-75536c7edd5b,Round 1,4f941a6e-7ce2-416e-b293-7f010c901415,2986f4c3-8906-483b-b021-dae5ddf46c2a,2026-08-26 15:45:00+00,Thamir Stadium,,scheduled,,,,,,,2026-08-20 01:20:48.572834+00,2026-08-20 01:20:48.572834+00,,0,f,list,,,,,1,f,,2026/2027,f,90
deff7525-a79d-4d4b-9b28-81f6bf478222,792f150e-1c25-4f3c-878f-75536c7edd5b,Round 2,91915327-7b03-4ccf-b968-52a1dae28a9f,598d82e7-8002-4423-9468-d58ec371907c,2026-08-30 17:55:00+00,Thamir Stadium,,scheduled,,,,,,,2026-08-20 01:20:48.572834+00,2026-08-20 01:20:48.572834+00,,0,f,list,,,,,2,f,,2026/2027,f,90
5cf4f2e0-89d4-4941-a3aa-19c94279625f,792f150e-1c25-4f3c-878f-75536c7edd5b,Round 2,2986f4c3-8906-483b-b021-dae5ddf46c2a,073cfa17-037f-4b8b-a79a-aeb5dbee9a40,2026-08-30 17:55:00+00,Ali Sabah Al-Salem Stadium,,scheduled,,,,,,,2026-08-20 01:20:48.572834+00,2026-08-20 01:20:48.572834+00,,0,f,list,,,,,2,f,,2026/2027,f,90
92a4b559-a469-4c37-b213-2c8f58c891de,792f150e-1c25-4f3c-878f-75536c7edd5b,Round 2,666d9085-19bc-476a-a70a-e778d088eb23,4f941a6e-7ce2-416e-b293-7f010c901415,2026-08-31 17:55:00+00,Al Tadamon Stadium,,scheduled,,,,,,,2026-08-20 01:20:48.572834+00,2026-08-20 01:20:48.572834+00,,0,f,list,,,,,2,f,,2026/2027,f,90
c6b00c0b-1e3f-4f7c-b0ce-ecbd419e4437,792f150e-1c25-4f3c-878f-75536c7edd5b,Round 2,8d6cb3fe-6e3d-4cdc-af60-ea9de938d174,539cc6fb-d79a-449b-be23-1271355bd727,2026-08-31 17:55:00+00,Mohammed Al-Hamad Stadium,,scheduled,,,,,,,2026-08-20 01:20:48.572834+00,2026-08-20 01:20:48.572834+00,,0,f,list,,,,,2,f,,2026/2027,f,90
2c260529-6487-4d64-adc7-4e4d36e2ff65,792f150e-1c25-4f3c-878f-75536c7edd5b,Round 3,8d6cb3fe-6e3d-4cdc-af60-ea9de938d174,2986f4c3-8906-483b-b021-dae5ddf46c2a,2026-09-04 15:35:00+00,Mohammed Al-Hamad Stadium,,scheduled,,,,,,,2026-08-20 01:20:48.572834+00,2026-08-20 01:20:48.572834+00,,0,f,list,,,,,3,f,,2026/2027,f,90
b8776057-502e-4db2-8fff-97a11e5015a3,792f150e-1c25-4f3c-878f-75536c7edd5b,Round 3,073cfa17-037f-4b8b-a79a-aeb5dbee9a40,666d9085-19bc-476a-a70a-e778d088eb23,2026-09-04 15:35:00+00,Jaber Al-Ahmad International Stadium,,scheduled,,,,,,,2026-08-20 01:20:48.572834+00,2026-08-20 01:20:48.572834+00,,0,f,list,,,,,3,f,,2026/2027,f,90
80cf1936-2b76-4356-819e-160c00083965,792f150e-1c25-4f3c-878f-75536c7edd5b,Round 3,bc2e4358-851e-4dc2-a8aa-ee755c6dd447,a7166bc6-b129-47bb-bc4e-e085b1a2dfcd,2026-09-05 17:50:00+00,Abdullah Al-Khalifa Stadium,,scheduled,,,,,,,2026-08-20 01:20:48.572834+00,2026-08-20 01:20:48.572834+00,,0,f,list,,,,,3,f,,2026/2027,f,90
fe5e221a-f89b-4ed4-a340-fb1060fa56da,792f150e-1c25-4f3c-878f-75536c7edd5b,Round 2,e62bea24-9251-4e69-b03b-b0f3fae6618f,bc2e4358-851e-4dc2-a8aa-ee755c6dd447,2026-08-31 15:40:00+00,Abdullah Al-Khalifa Stadium,,scheduled,,,,,,,2026-08-20 01:20:48.572834+00,2026-08-20 20:11:19.296513+00,,0,f,list,,,,,2,f,,2026/2027,f,90
ce2eed68-4f81-4077-880b-37710eb60de7,792f150e-1c25-4f3c-878f-75536c7edd5b,Round 3,598d82e7-8002-4423-9468-d58ec371907c,e62bea24-9251-4e69-b03b-b0f3fae6618f,2026-09-04 17:50:00+00,Sabah Al-Salem Stadium,,scheduled,,,,,,,2026-08-20 01:20:48.572834+00,2026-08-20 20:11:26.58471+00,,0,f,list,,,,,3,f,,2026/2027,f,90
8404287f-ae23-46e5-b7dc-4ca3d789e1bb,792f150e-1c25-4f3c-878f-75536c7edd5b,Round 1,e834859a-a97d-47b8-88cc-6e58d04060e7,e62bea24-9251-4e69-b03b-b0f3fae6618f,2026-08-26 18:00:00+00, Abdullah Al-Khalifa Al-Sabah Stadium,Mishref,scheduled,,,,,,,2026-08-20 01:20:48.572834+00,2026-08-20 21:03:48.109996+00,,0,f,list,,,,,1,f,,2026/2027,f,90
3344ce00-be7e-4a15-9a30-f017cc2dbc55,792f150e-1c25-4f3c-878f-75536c7edd5b,Round 15,e62bea24-9251-4e69-b03b-b0f3fae6618f,91915327-7b03-4ccf-b968-52a1dae28a9f,2027-03-12 12:00:00+00,,,scheduled,,,,,,,2026-08-10 14:01:47.665549+00,2026-08-20 20:13:23.146497+00,,0,f,list,,,,,15,f,,2026/2027,f,90
e3927586-45d1-4f33-b2bc-63b9846a826d,792f150e-1c25-4f3c-878f-75536c7edd5b,Round 8,073cfa17-037f-4b8b-a79a-aeb5dbee9a40,e62bea24-9251-4e69-b03b-b0f3fae6618f,2026-11-07 09:00:00+00,,,scheduled,,,,,,,2026-08-10 14:00:34.49121+00,2026-08-20 20:12:10.155382+00,,0,f,list,,,,,8,f,,2026/2027,f,90
81df673a-3958-4404-9020-1fcd43c5eb1e,792f150e-1c25-4f3c-878f-75536c7edd5b,Round 16,e62bea24-9251-4e69-b03b-b0f3fae6618f,539cc6fb-d79a-449b-be23-1271355bd727,2027-03-20 12:00:00+00,,,scheduled,,,,,,,2026-08-10 14:01:47.665549+00,2026-08-20 20:13:35.180281+00,,0,f,list,,,,,16,f,,2026/2027,f,90
07608303-ecf5-4d27-9904-e102e6b73321,792f150e-1c25-4f3c-878f-75536c7edd5b,Round 9,e62bea24-9251-4e69-b03b-b0f3fae6618f,8d6cb3fe-6e3d-4cdc-af60-ea9de938d174,2026-11-21 09:00:00+00,,,scheduled,,,,,,,2026-08-10 14:00:34.49121+00,2026-08-20 20:12:19.917967+00,,0,f,list,,,,,9,f,,2026/2027,f,90
7b0dbcf2-5f8b-4a18-ac55-896fec52f262,792f150e-1c25-4f3c-878f-75536c7edd5b,Round 18,4f941a6e-7ce2-416e-b293-7f010c901415,e62bea24-9251-4e69-b03b-b0f3fae6618f,2027-04-17 12:00:00+00,,,scheduled,,,,,,,2026-08-10 14:01:09.065718+00,2026-08-20 20:13:56.118086+00,,0,f,list,,,,,18,f,,2026/2027,f,90
ade11709-6dcf-421b-afbb-ec0ae7215fa7,792f150e-1c25-4f3c-878f-75536c7edd5b,Round 19,e62bea24-9251-4e69-b03b-b0f3fae6618f,073cfa17-037f-4b8b-a79a-aeb5dbee9a40,2027-05-01 12:00:00+00,,,scheduled,,,,,,,2026-08-10 14:01:09.065718+00,2026-08-20 20:14:05.777595+00,,0,f,list,,,,,19,f,,2026/2027,f,90
1b8b3940-5c05-4cd9-94ba-c2934414f5de,792f150e-1c25-4f3c-878f-75536c7edd5b,Round 20,8d6cb3fe-6e3d-4cdc-af60-ea9de938d174,e62bea24-9251-4e69-b03b-b0f3fae6618f,2027-05-06 12:00:00+00,,,scheduled,,,,,,,2026-08-10 14:01:09.065718+00,2026-08-20 20:14:12.792852+00,,0,f,list,,,,,20,f,,2026/2027,f,90
65706367-135a-4be2-89ab-13244e8383a2,246d74c1-2746-40bf-ad75-cdff6fb0fe0e,Round 1,c924f997-11c5-48d7-a905-bd1a45b269a2,44887540-58a4-40e1-b34d-48460b3aa821,2026-09-23 12:30:00+00,Prince Abdullah Al Faisal Stadium,Jeddah,scheduled,,,,,,,2026-08-17 03:40:00.41626+00,2026-08-17 03:42:54.617726+00,,0,f,list,,,,,1,f,,2026,f,90
30354dfd-4edd-4966-8587-b98b2be2d9d1,246d74c1-2746-40bf-ad75-cdff6fb0fe0e,Round 1,18da094d-7bfa-4077-932c-28123cfd0912,5087f15f-2ab8-4f32-9d52-cdec449664b1,2026-09-24 04:00:00+00,King Abdullah Sports City,Jeddah,scheduled,,,,,,,2026-08-17 03:40:00.41626+00,2026-08-17 03:43:00.718751+00,,0,f,list,,,,,1,f,,2026,f,90
87ec72e8-13ec-489f-81d6-723b08a72631,246d74c1-2746-40bf-ad75-cdff6fb0fe0e,Round 1,e06e9326-d05d-49f5-870e-8904723d885d,30d428e9-3d5a-4ce6-8908-b227f9cf119c,2026-09-25 01:00:00+00,King Abdullah Sports City,Jeddah,scheduled,,,,,,,2026-08-17 03:40:00.41626+00,2026-08-17 03:43:09.256473+00,,0,f,list,,,,,1,f,,2026,f,90
83e217ca-44fe-4c73-ad58-8d90ed7fd6ef,246d74c1-2746-40bf-ad75-cdff6fb0fe0e,Round 1,c6c817b2-8f2c-499c-b02a-34f7736579df,91a3d70a-4152-44f2-bd21-54c94698e9ca,2026-09-25 04:00:00+00,Prince Abdullah Al Faisal Stadium,Jeddah,scheduled,,,,,,,2026-08-17 03:40:00.41626+00,2026-08-17 03:43:15.04668+00,,0,f,list,,,,,1,f,,2026,f,90
a9e5c14b-5faa-4c49-bb28-10f65cd06fdd,792f150e-1c25-4f3c-878f-75536c7edd5b,Round 21,e62bea24-9251-4e69-b03b-b0f3fae6618f,2986f4c3-8906-483b-b021-dae5ddf46c2a,2027-05-20 12:00:00+00,,,scheduled,,,,,,,2026-08-10 14:01:09.065718+00,2026-08-20 20:14:25.17757+00,,0,f,list,,,,,21,f,,2026/2027,f,90
16635e64-6919-41c2-8019-118feb6c1c1a,792f150e-1c25-4f3c-878f-75536c7edd5b,Round 22,e62bea24-9251-4e69-b03b-b0f3fae6618f,666d9085-19bc-476a-a70a-e778d088eb23,2027-05-30 12:00:00+00,,,scheduled,,,,,,,2026-08-10 14:01:09.065718+00,2026-08-20 20:14:32.923337+00,,0,f,list,,,,,22,f,,2026/2027,f,90
c94a4d19-e9fe-4ed6-b663-208c42b7dee1,792f150e-1c25-4f3c-878f-75536c7edd5b,Round 10,2986f4c3-8906-483b-b021-dae5ddf46c2a,e62bea24-9251-4e69-b03b-b0f3fae6618f,2026-11-29 09:00:00+00,,,scheduled,,,,,,,2026-08-10 14:00:34.49121+00,2026-08-20 20:12:30.19607+00,,0,f,list,,,,,10,f,,2026/2027,f,90
40b67b79-cabf-4ccb-871c-a0cb34c345cb,792f150e-1c25-4f3c-878f-75536c7edd5b,Round 11,e62bea24-9251-4e69-b03b-b0f3fae6618f,666d9085-19bc-476a-a70a-e778d088eb23,2026-12-03 09:00:00+00,,,scheduled,,,,,,,2026-08-10 14:00:34.49121+00,2026-08-20 20:12:48.873213+00,,0,f,formation,4-3-3,4-3-3,,,11,f,,2026/2027,f,90
8f59072c-8e99-4e8c-9d20-ae269bfffda7,792f150e-1c25-4f3c-878f-75536c7edd5b,Round 12,e62bea24-9251-4e69-b03b-b0f3fae6618f,e834859a-a97d-47b8-88cc-6e58d04060e7,2027-02-07 12:00:00+00,,,scheduled,,,,,,,2026-08-10 14:01:47.665549+00,2026-08-20 20:12:57.656182+00,,0,f,list,,,,,12,f,,2026/2027,f,90
728b68db-a115-4d18-a2f1-f39a029713b9,792f150e-1c25-4f3c-878f-75536c7edd5b,Round 13,e62bea24-9251-4e69-b03b-b0f3fae6618f,bc2e4358-851e-4dc2-a8aa-ee755c6dd447,2027-02-13 12:00:00+00,,,scheduled,,,,,,,2026-08-10 14:01:47.665549+00,2026-08-20 20:13:07.214194+00,,0,f,list,,,,,13,f,,2026/2027,f,90
3f319037-15b9-4086-a933-bda73de7d6ac,792f150e-1c25-4f3c-878f-75536c7edd5b,Round 14,e62bea24-9251-4e69-b03b-b0f3fae6618f,598d82e7-8002-4423-9468-d58ec371907c,2027-02-27 12:00:00+00,,,scheduled,,,,,,,2026-08-10 14:01:47.665549+00,2026-08-20 20:13:15.295975+00,,0,f,list,,,,,14,f,,2026/2027,f,90
28bdcae1-bd8b-49ab-b490-5502c0bbf671,246d74c1-2746-40bf-ad75-cdff6fb0fe0e,Round 2,c924f997-11c5-48d7-a905-bd1a45b269a2,5087f15f-2ab8-4f32-9d52-cdec449664b1,2026-09-26 13:00:00+00,Prince Abdullah Al Faisal Stadium,,scheduled,,,,,,,2026-08-17 03:43:39.241275+00,2026-08-17 03:43:57.397202+00,,0,f,list,,,,,2,f,,2026,f,90
4a44a1a0-8c52-436b-9b3d-8d6be7dcee58,246d74c1-2746-40bf-ad75-cdff6fb0fe0e,Round 2,18da094d-7bfa-4077-932c-28123cfd0912,44887540-58a4-40e1-b34d-48460b3aa821,2026-09-27 04:00:00+00,King Abdullah Sports City Stadium,,scheduled,,,,,,,2026-08-17 03:43:39.241275+00,2026-08-17 03:44:07.569443+00,,0,f,list,,,,,2,f,,2026,f,90
12fdfd35-e71c-4f4a-aa53-39417fd2ecfa,246d74c1-2746-40bf-ad75-cdff6fb0fe0e,Round 2,c6c817b2-8f2c-499c-b02a-34f7736579df,30d428e9-3d5a-4ce6-8908-b227f9cf119c,2026-09-28 01:00:00+00,King Abdullah Sports City Stadium,,scheduled,,,,,,,2026-08-17 03:43:39.241275+00,2026-08-17 03:44:24.828929+00,,0,f,list,,,,,2,f,,2026,f,90
1977b972-d8f7-4e48-8425-29a0bd403320,792f150e-1c25-4f3c-878f-75536c7edd5b,Round 4,e834859a-a97d-47b8-88cc-6e58d04060e7,073cfa17-037f-4b8b-a79a-aeb5dbee9a40,2026-10-10 12:00:00+00,,,scheduled,,,,,,,2026-08-10 13:59:29.83444+00,2026-08-20 19:24:11.062922+00,,0,f,list,,,,,4,f,,2026/2027,f,90
938d4149-67e5-462c-85c1-1b1653be60e7,792f150e-1c25-4f3c-878f-75536c7edd5b,Round 5,8d6cb3fe-6e3d-4cdc-af60-ea9de938d174,e834859a-a97d-47b8-88cc-6e58d04060e7,2026-10-18 12:00:00+00,,,scheduled,,,,,,,2026-08-10 13:59:29.83444+00,2026-08-20 19:24:28.046815+00,,0,f,list,,,,,5,f,,2026/2027,f,90
52f48dfc-cf8e-4552-8c3b-2c08e2251732,792f150e-1c25-4f3c-878f-75536c7edd5b,Round 6,e834859a-a97d-47b8-88cc-6e58d04060e7,2986f4c3-8906-483b-b021-dae5ddf46c2a,2026-10-23 12:00:00+00,,,scheduled,,,,,,,2026-08-10 13:59:29.83444+00,2026-08-20 19:24:43.372156+00,,0,f,list,,,,,6,f,,2026/2027,f,90
38f01ac2-d54f-4706-9364-d0d9767eb98e,792f150e-1c25-4f3c-878f-75536c7edd5b,Round 7,666d9085-19bc-476a-a70a-e778d088eb23,e834859a-a97d-47b8-88cc-6e58d04060e7,2026-10-31 09:00:00+00,,,scheduled,,,,,,,2026-08-10 14:00:34.49121+00,2026-08-20 19:24:56.310268+00,,0,f,list,,,,,7,f,,2026/2027,f,90
0326e411-a1fe-4f6e-8015-acc53498fc22,792f150e-1c25-4f3c-878f-75536c7edd5b,Round 4,91915327-7b03-4ccf-b968-52a1dae28a9f,e62bea24-9251-4e69-b03b-b0f3fae6618f,2026-10-09 12:00:00+00,,,scheduled,,,,,,,2026-08-10 13:59:29.83444+00,2026-08-20 20:11:33.485156+00,,0,f,list,,,,,4,f,,2026/2027,f,90
497b9fd3-c7da-4d6f-a6f9-ce14da6cdf28,792f150e-1c25-4f3c-878f-75536c7edd5b,Round 5,539cc6fb-d79a-449b-be23-1271355bd727,e62bea24-9251-4e69-b03b-b0f3fae6618f,2026-10-17 12:00:00+00,,,scheduled,,,,,,,2026-08-10 13:59:29.83444+00,2026-08-20 20:11:41.228665+00,,0,f,list,,,,,5,f,,2026/2027,f,90
b071c578-88f0-44d4-b961-d6c732a02bf6,792f150e-1c25-4f3c-878f-75536c7edd5b,Round 6,a7166bc6-b129-47bb-bc4e-e085b1a2dfcd,e62bea24-9251-4e69-b03b-b0f3fae6618f,2026-10-23 12:00:00+00,,,scheduled,,,,,,,2026-08-10 13:59:29.83444+00,2026-08-20 20:11:49.598504+00,,0,f,list,,,,,6,f,,2026/2027,f,90
298a9b81-6e7e-4063-bb77-d1602e3dbbae,792f150e-1c25-4f3c-878f-75536c7edd5b,Round 7,e62bea24-9251-4e69-b03b-b0f3fae6618f,4f941a6e-7ce2-416e-b293-7f010c901415,2026-10-31 09:00:00+00,,,scheduled,,,,,,,2026-08-10 14:00:34.49121+00,2026-08-20 20:12:01.114554+00,,0,f,list,,,,,7,f,,2026/2027,f,90
add605ff-ba69-44de-982c-f2fa5e8c1718,792f150e-1c25-4f3c-878f-75536c7edd5b,Round 4,539cc6fb-d79a-449b-be23-1271355bd727,2986f4c3-8906-483b-b021-dae5ddf46c2a,2026-10-09 12:00:00+00,,,scheduled,,,,,,,2026-08-10 13:59:29.83444+00,2026-08-11 23:41:46.836938+00,,0,f,list,,,,,4,f,,2026/2027,f,90
31579de4-aa6d-43ae-b58a-a3fe24b396fb,792f150e-1c25-4f3c-878f-75536c7edd5b,Round 4,8d6cb3fe-6e3d-4cdc-af60-ea9de938d174,666d9085-19bc-476a-a70a-e778d088eb23,2026-10-09 12:00:00+00,,,scheduled,,,,,,,2026-08-10 13:59:29.83444+00,2026-08-11 23:41:46.836938+00,,0,f,list,,,,,4,f,,2026/2027,f,90
4447cb64-9801-4838-80e2-8fe785015a6b,792f150e-1c25-4f3c-878f-75536c7edd5b,Round 4,a7166bc6-b129-47bb-bc4e-e085b1a2dfcd,598d82e7-8002-4423-9468-d58ec371907c,2026-10-10 12:00:00+00,,,scheduled,,,,,,,2026-08-10 13:59:29.83444+00,2026-08-11 23:41:46.836938+00,,0,f,list,,,,,4,f,,2026/2027,f,90
b7c1130a-cae9-4024-80f6-307aa7545838,792f150e-1c25-4f3c-878f-75536c7edd5b,Round 4,4f941a6e-7ce2-416e-b293-7f010c901415,bc2e4358-851e-4dc2-a8aa-ee755c6dd447,2026-10-10 12:00:00+00,,,scheduled,,,,,,,2026-08-10 13:59:29.83444+00,2026-08-11 23:41:46.836938+00,,0,f,list,,,,,4,f,,2026/2027,f,90
06dc9b3c-b6fc-4929-9087-2e5839cab71a,792f150e-1c25-4f3c-878f-75536c7edd5b,Round 5,2986f4c3-8906-483b-b021-dae5ddf46c2a,666d9085-19bc-476a-a70a-e778d088eb23,2026-10-17 12:00:00+00,,,scheduled,,,,,,,2026-08-10 13:59:29.83444+00,2026-08-11 23:41:46.836938+00,,0,f,list,,,,,5,f,,2026/2027,f,90
c033804d-564d-4e1e-a183-e40336b15ed6,792f150e-1c25-4f3c-878f-75536c7edd5b,Round 5,91915327-7b03-4ccf-b968-52a1dae28a9f,a7166bc6-b129-47bb-bc4e-e085b1a2dfcd,2026-10-17 12:00:00+00,,,scheduled,,,,,,,2026-08-10 13:59:29.83444+00,2026-08-11 23:41:46.836938+00,,0,f,list,,,,,5,f,,2026/2027,f,90
c3e56b37-12a3-4ff6-9519-d7c4cb64106c,792f150e-1c25-4f3c-878f-75536c7edd5b,Round 5,598d82e7-8002-4423-9468-d58ec371907c,4f941a6e-7ce2-416e-b293-7f010c901415,2026-10-18 12:00:00+00,,,scheduled,,,,,,,2026-08-10 13:59:29.83444+00,2026-08-11 23:41:46.836938+00,,0,f,list,,,,,5,f,,2026/2027,f,90
c4405ea1-31bd-435c-a924-7ecf6c8d02df,792f150e-1c25-4f3c-878f-75536c7edd5b,Round 5,073cfa17-037f-4b8b-a79a-aeb5dbee9a40,bc2e4358-851e-4dc2-a8aa-ee755c6dd447,2026-10-18 12:00:00+00,,,scheduled,,,,,,,2026-08-10 13:59:29.83444+00,2026-08-11 23:41:46.836938+00,,0,f,list,,,,,5,f,,2026/2027,f,90
58e88506-1ec6-44a9-b04d-f376d0c99987,792f150e-1c25-4f3c-878f-75536c7edd5b,Round 6,666d9085-19bc-476a-a70a-e778d088eb23,539cc6fb-d79a-449b-be23-1271355bd727,2026-10-23 12:00:00+00,,,scheduled,,,,,,,2026-08-10 13:59:29.83444+00,2026-08-11 23:41:46.836938+00,,0,f,list,,,,,6,f,,2026/2027,f,90
ff76b891-345e-4cbd-a48b-f05cdcb2a1a9,792f150e-1c25-4f3c-878f-75536c7edd5b,Round 6,4f941a6e-7ce2-416e-b293-7f010c901415,91915327-7b03-4ccf-b968-52a1dae28a9f,2026-10-24 12:00:00+00,,,scheduled,,,,,,,2026-08-10 13:59:29.83444+00,2026-08-11 23:41:46.836938+00,,0,f,list,,,,,6,f,,2026/2027,f,90
58428e36-d278-49e5-9631-dbd334052940,792f150e-1c25-4f3c-878f-75536c7edd5b,Round 6,bc2e4358-851e-4dc2-a8aa-ee755c6dd447,8d6cb3fe-6e3d-4cdc-af60-ea9de938d174,2026-10-24 12:00:00+00,,,scheduled,,,,,,,2026-08-10 13:59:29.83444+00,2026-08-11 23:41:46.836938+00,,0,f,list,,,,,6,f,,2026/2027,f,90
4c6e8166-6613-4bdd-ac2d-302bcadaeb9f,792f150e-1c25-4f3c-878f-75536c7edd5b,Round 6,598d82e7-8002-4423-9468-d58ec371907c,073cfa17-037f-4b8b-a79a-aeb5dbee9a40,2026-10-24 12:00:00+00,,,scheduled,,,,,,,2026-08-10 13:59:29.83444+00,2026-08-11 23:41:46.836938+00,,0,f,list,,,,,6,f,,2026/2027,f,90
bc09b57c-df01-4d25-9952-dbf3ef0940bf,792f150e-1c25-4f3c-878f-75536c7edd5b,Round 7,539cc6fb-d79a-449b-be23-1271355bd727,a7166bc6-b129-47bb-bc4e-e085b1a2dfcd,2026-10-31 09:00:00+00,,,scheduled,,,,,,,2026-08-10 14:00:34.49121+00,2026-08-11 23:41:46.836938+00,,0,f,list,,,,,7,f,,2026/2027,f,90
9cb6bf1e-a14c-493b-8b03-18dd09c8b5f5,792f150e-1c25-4f3c-878f-75536c7edd5b,Round 7,2986f4c3-8906-483b-b021-dae5ddf46c2a,bc2e4358-851e-4dc2-a8aa-ee755c6dd447,2026-10-31 09:00:00+00,,,scheduled,,,,,,,2026-08-10 14:00:34.49121+00,2026-08-11 23:41:46.836938+00,,0,f,list,,,,,7,f,,2026/2027,f,90
24faf42e-06da-49a5-8c22-1d157decaa0c,792f150e-1c25-4f3c-878f-75536c7edd5b,Round 7,91915327-7b03-4ccf-b968-52a1dae28a9f,073cfa17-037f-4b8b-a79a-aeb5dbee9a40,2026-11-01 09:00:00+00,,,scheduled,,,,,,,2026-08-10 14:00:34.49121+00,2026-08-11 23:41:46.836938+00,,0,f,list,,,,,7,f,,2026/2027,f,90
134050ec-49cf-4a9a-85d6-687a7a6eea00,792f150e-1c25-4f3c-878f-75536c7edd5b,Round 7,8d6cb3fe-6e3d-4cdc-af60-ea9de938d174,598d82e7-8002-4423-9468-d58ec371907c,2026-11-01 09:00:00+00,,,scheduled,,,,,,,2026-08-10 14:00:34.49121+00,2026-08-11 23:41:46.836938+00,,0,f,list,,,,,7,f,,2026/2027,f,90
7e7bc4f1-4f46-4055-ad93-209e49842939,792f150e-1c25-4f3c-878f-75536c7edd5b,Round 8,4f941a6e-7ce2-416e-b293-7f010c901415,a7166bc6-b129-47bb-bc4e-e085b1a2dfcd,2026-11-07 09:00:00+00,,,scheduled,,,,,,,2026-08-10 14:00:34.49121+00,2026-08-11 23:41:46.836938+00,,0,f,list,,,,,8,f,,2026/2027,f,90
e5e309db-f57c-478d-9b35-aa55fe8e7dfa,792f150e-1c25-4f3c-878f-75536c7edd5b,Round 8,bc2e4358-851e-4dc2-a8aa-ee755c6dd447,666d9085-19bc-476a-a70a-e778d088eb23,2026-11-07 09:00:00+00,,,scheduled,,,,,,,2026-08-10 14:00:34.49121+00,2026-08-11 23:41:46.836938+00,,0,f,list,,,,,8,f,,2026/2027,f,90
3a79c941-0683-4c05-af25-cc46307b3f60,792f150e-1c25-4f3c-878f-75536c7edd5b,Round 19,539cc6fb-d79a-449b-be23-1271355bd727,e834859a-a97d-47b8-88cc-6e58d04060e7,2027-04-30 12:00:00+00,,,scheduled,,,,,,,2026-08-10 14:01:09.065718+00,2026-08-20 19:29:52.539219+00,,0,f,list,,,,,19,f,,2026/2027,f,90
eae41249-2608-462e-98c9-fd66d261d218,792f150e-1c25-4f3c-878f-75536c7edd5b,Round 8,598d82e7-8002-4423-9468-d58ec371907c,2986f4c3-8906-483b-b021-dae5ddf46c2a,2026-11-08 09:00:00+00,,,scheduled,,,,,,,2026-08-10 14:00:34.49121+00,2026-08-11 23:41:46.836938+00,,0,f,list,,,,,8,f,,2026/2027,f,90
0b6e64d8-c300-4a61-aae2-e2014f94425f,792f150e-1c25-4f3c-878f-75536c7edd5b,Round 8,91915327-7b03-4ccf-b968-52a1dae28a9f,8d6cb3fe-6e3d-4cdc-af60-ea9de938d174,2026-11-08 09:00:00+00,,,scheduled,,,,,,,2026-08-10 14:00:34.49121+00,2026-08-11 23:41:46.836938+00,,0,f,list,,,,,8,f,,2026/2027,f,90
b86d718c-b17e-4c06-a590-9b93c98c4e1a,792f150e-1c25-4f3c-878f-75536c7edd5b,Round 9,539cc6fb-d79a-449b-be23-1271355bd727,4f941a6e-7ce2-416e-b293-7f010c901415,2026-11-20 09:00:00+00,,,scheduled,,,,,,,2026-08-10 14:00:34.49121+00,2026-08-11 23:41:46.836938+00,,0,f,list,,,,,9,f,,2026/2027,f,90
4411f697-4c56-45f4-91d5-f97a5a31be82,792f150e-1c25-4f3c-878f-75536c7edd5b,Round 9,a7166bc6-b129-47bb-bc4e-e085b1a2dfcd,073cfa17-037f-4b8b-a79a-aeb5dbee9a40,2026-11-20 09:00:00+00,,,scheduled,,,,,,,2026-08-10 14:00:34.49121+00,2026-08-11 23:41:46.836938+00,,0,f,list,,,,,9,f,,2026/2027,f,90
c7968d75-149f-4de5-9f99-f3708b593048,792f150e-1c25-4f3c-878f-75536c7edd5b,Round 9,666d9085-19bc-476a-a70a-e778d088eb23,598d82e7-8002-4423-9468-d58ec371907c,2026-11-20 09:00:00+00,,,scheduled,,,,,,,2026-08-10 14:00:34.49121+00,2026-08-11 23:41:46.836938+00,,0,f,list,,,,,9,f,,2026/2027,f,90
f225eec1-8dac-47dd-8d5d-a9e3e3c572b8,792f150e-1c25-4f3c-878f-75536c7edd5b,Round 11,e834859a-a97d-47b8-88cc-6e58d04060e7,91915327-7b03-4ccf-b968-52a1dae28a9f,2026-12-02 09:00:00+00,,,scheduled,,,,,,,2026-08-10 14:00:34.49121+00,2026-08-20 19:26:56.138305+00,,0,f,formation,4-3-3,4-3-3,,,11,f,,2026/2027,f,90
efd3dc58-c42f-44c7-ba98-1b590628ee18,792f150e-1c25-4f3c-878f-75536c7edd5b,Round 9,2986f4c3-8906-483b-b021-dae5ddf46c2a,91915327-7b03-4ccf-b968-52a1dae28a9f,2026-11-21 09:00:00+00,,,scheduled,,,,,,,2026-08-10 14:00:34.49121+00,2026-08-11 23:41:46.836938+00,,0,f,list,,,,,9,f,,2026/2027,f,90
02cab4d4-aa77-43a6-8e3b-7af246b8973e,792f150e-1c25-4f3c-878f-75536c7edd5b,Round 10,bc2e4358-851e-4dc2-a8aa-ee755c6dd447,539cc6fb-d79a-449b-be23-1271355bd727,2026-11-28 09:00:00+00,,,scheduled,,,,,,,2026-08-10 14:00:34.49121+00,2026-08-11 23:41:46.836938+00,,0,f,list,,,,,10,f,,2026/2027,f,90
fc0f3f80-f77f-43d9-a0ae-5ea137d92b3a,792f150e-1c25-4f3c-878f-75536c7edd5b,Round 10,073cfa17-037f-4b8b-a79a-aeb5dbee9a40,4f941a6e-7ce2-416e-b293-7f010c901415,2026-11-28 09:00:00+00,,,scheduled,,,,,,,2026-08-10 14:00:34.49121+00,2026-08-11 23:41:46.836938+00,,0,f,list,,,,,10,f,,2026/2027,f,90
4efa21d2-3ed5-4a00-9171-3486d7caee23,792f150e-1c25-4f3c-878f-75536c7edd5b,Round 10,8d6cb3fe-6e3d-4cdc-af60-ea9de938d174,a7166bc6-b129-47bb-bc4e-e085b1a2dfcd,2026-11-28 09:00:00+00,,,scheduled,,,,,,,2026-08-10 14:00:34.49121+00,2026-08-11 23:41:46.836938+00,,0,f,list,,,,,10,f,,2026/2027,f,90
149f4323-ce52-4c53-acfc-2dbc42db7295,792f150e-1c25-4f3c-878f-75536c7edd5b,Round 10,91915327-7b03-4ccf-b968-52a1dae28a9f,666d9085-19bc-476a-a70a-e778d088eb23,2026-11-29 09:00:00+00,,,scheduled,,,,,,,2026-08-10 14:00:34.49121+00,2026-08-11 23:41:46.836938+00,,0,f,list,,,,,10,f,,2026/2027,f,90
dff4cc58-a549-47b6-85cf-f751350e3483,792f150e-1c25-4f3c-878f-75536c7edd5b,Round 18,e834859a-a97d-47b8-88cc-6e58d04060e7,666d9085-19bc-476a-a70a-e778d088eb23,2027-04-17 12:00:00+00,,,scheduled,,,,,,,2026-08-10 14:01:09.065718+00,2026-08-20 19:29:41.100255+00,,0,f,list,,,,,18,f,,2026/2027,f,90
efe32e86-e39f-434e-8a1a-760965401393,792f150e-1c25-4f3c-878f-75536c7edd5b,Round 11,539cc6fb-d79a-449b-be23-1271355bd727,073cfa17-037f-4b8b-a79a-aeb5dbee9a40,2026-12-02 09:00:00+00,,,scheduled,,,,,,,2026-08-10 14:00:34.49121+00,2026-08-11 23:41:46.836938+00,,0,f,list,,,,,11,f,,2026/2027,f,90
8f03bb75-9e65-4e7c-8df0-4f7839fe0e27,792f150e-1c25-4f3c-878f-75536c7edd5b,Round 11,598d82e7-8002-4423-9468-d58ec371907c,bc2e4358-851e-4dc2-a8aa-ee755c6dd447,2026-12-02 09:00:00+00,,,scheduled,,,,,,,2026-08-10 14:00:34.49121+00,2026-08-11 23:41:46.836938+00,,0,f,list,,,,,11,f,,2026/2027,f,90
f41641ad-e536-40c8-8fd2-a7491983e12e,792f150e-1c25-4f3c-878f-75536c7edd5b,Round 11,4f941a6e-7ce2-416e-b293-7f010c901415,8d6cb3fe-6e3d-4cdc-af60-ea9de938d174,2026-12-02 09:00:00+00,,,scheduled,,,,,,,2026-08-10 14:00:34.49121+00,2026-08-11 23:41:46.836938+00,,0,f,list,,,,,11,f,,2026/2027,f,90
9677656c-0063-481a-b12c-16db1fc81d0e,792f150e-1c25-4f3c-878f-75536c7edd5b,Round 11,a7166bc6-b129-47bb-bc4e-e085b1a2dfcd,2986f4c3-8906-483b-b021-dae5ddf46c2a,2026-12-03 09:00:00+00,,,scheduled,,,,,,,2026-08-10 14:00:34.49121+00,2026-08-11 23:41:46.836938+00,,0,f,list,,,,,11,f,,2026/2027,f,90
ed17d152-9846-459a-9e1c-6b364c0288f7,792f150e-1c25-4f3c-878f-75536c7edd5b,Round 20,bc2e4358-851e-4dc2-a8aa-ee755c6dd447,e834859a-a97d-47b8-88cc-6e58d04060e7,2027-05-05 12:00:00+00,,,scheduled,,,,,,,2026-08-10 14:01:09.065718+00,2026-08-20 19:30:02.937474+00,,0,f,list,,,,,20,f,,2026/2027,f,90
4792e424-188f-4053-974b-1fe387458bc2,792f150e-1c25-4f3c-878f-75536c7edd5b,Round 18,a7166bc6-b129-47bb-bc4e-e085b1a2dfcd,539cc6fb-d79a-449b-be23-1271355bd727,2027-04-17 12:00:00+00,,,scheduled,,,,,,,2026-08-10 14:01:09.065718+00,2026-08-11 23:41:46.836938+00,,0,f,list,,,,,18,f,,2026/2027,f,90
8c75692e-4ad4-4aaa-85ef-4b59459841a2,792f150e-1c25-4f3c-878f-75536c7edd5b,Round 18,bc2e4358-851e-4dc2-a8aa-ee755c6dd447,2986f4c3-8906-483b-b021-dae5ddf46c2a,2027-04-18 12:00:00+00,,,scheduled,,,,,,,2026-08-10 14:01:09.065718+00,2026-08-11 23:41:46.836938+00,,0,f,list,,,,,18,f,,2026/2027,f,90
9f2fde82-79cf-4ccf-a45d-2f1215a83182,792f150e-1c25-4f3c-878f-75536c7edd5b,Round 18,073cfa17-037f-4b8b-a79a-aeb5dbee9a40,91915327-7b03-4ccf-b968-52a1dae28a9f,2027-04-18 12:00:00+00,,,scheduled,,,,,,,2026-08-10 14:01:09.065718+00,2026-08-11 23:41:46.836938+00,,0,f,list,,,,,18,f,,2026/2027,f,90
d84ed368-7e75-4599-a483-44881bc349ee,792f150e-1c25-4f3c-878f-75536c7edd5b,Round 18,598d82e7-8002-4423-9468-d58ec371907c,8d6cb3fe-6e3d-4cdc-af60-ea9de938d174,2027-04-18 12:00:00+00,,,scheduled,,,,,,,2026-08-10 14:01:09.065718+00,2026-08-11 23:41:46.836938+00,,0,f,list,,,,,18,f,,2026/2027,f,90
4c26bb12-0019-4ce4-911b-dcdf731145a9,792f150e-1c25-4f3c-878f-75536c7edd5b,Round 19,a7166bc6-b129-47bb-bc4e-e085b1a2dfcd,4f941a6e-7ce2-416e-b293-7f010c901415,2027-04-30 12:00:00+00,,,scheduled,,,,,,,2026-08-10 14:01:09.065718+00,2026-08-11 23:41:46.836938+00,,0,f,list,,,,,19,f,,2026/2027,f,90
fbcc0141-2bb0-42f9-b391-58f8883e65e7,792f150e-1c25-4f3c-878f-75536c7edd5b,Round 19,666d9085-19bc-476a-a70a-e778d088eb23,bc2e4358-851e-4dc2-a8aa-ee755c6dd447,2027-04-30 12:00:00+00,,,scheduled,,,,,,,2026-08-10 14:01:09.065718+00,2026-08-11 23:41:46.836938+00,,0,f,list,,,,,19,f,,2026/2027,f,90
4c4d50ce-7f7a-4ebd-84b0-94a5dcdb8629,792f150e-1c25-4f3c-878f-75536c7edd5b,Round 19,2986f4c3-8906-483b-b021-dae5ddf46c2a,598d82e7-8002-4423-9468-d58ec371907c,2027-05-01 12:00:00+00,,,scheduled,,,,,,,2026-08-10 14:01:09.065718+00,2026-08-11 23:41:46.836938+00,,0,f,list,,,,,19,f,,2026/2027,f,90
4de2dd12-4fb6-4255-84ee-67005f136722,792f150e-1c25-4f3c-878f-75536c7edd5b,Round 19,8d6cb3fe-6e3d-4cdc-af60-ea9de938d174,91915327-7b03-4ccf-b968-52a1dae28a9f,2027-05-01 12:00:00+00,,,scheduled,,,,,,,2026-08-10 14:01:09.065718+00,2026-08-11 23:41:46.836938+00,,0,f,list,,,,,19,f,,2026/2027,f,90
ac911118-22e7-4d99-b4e7-e42e9907aad5,792f150e-1c25-4f3c-878f-75536c7edd5b,Round 20,4f941a6e-7ce2-416e-b293-7f010c901415,539cc6fb-d79a-449b-be23-1271355bd727,2027-05-05 12:00:00+00,,,scheduled,,,,,,,2026-08-10 14:01:09.065718+00,2026-08-11 23:41:46.836938+00,,0,f,list,,,,,20,f,,2026/2027,f,90
fb34bf0d-5e58-4b7d-9fd4-349b5cb73e17,792f150e-1c25-4f3c-878f-75536c7edd5b,Round 20,073cfa17-037f-4b8b-a79a-aeb5dbee9a40,a7166bc6-b129-47bb-bc4e-e085b1a2dfcd,2027-05-05 12:00:00+00,,,scheduled,,,,,,,2026-08-10 14:01:09.065718+00,2026-08-11 23:41:46.836938+00,,0,f,list,,,,,20,f,,2026/2027,f,90
98da5c6d-464f-4a95-b0cd-c5abac3cda33,792f150e-1c25-4f3c-878f-75536c7edd5b,Round 20,598d82e7-8002-4423-9468-d58ec371907c,666d9085-19bc-476a-a70a-e778d088eb23,2027-05-06 12:00:00+00,,,scheduled,,,,,,,2026-08-10 14:01:09.065718+00,2026-08-11 23:41:46.836938+00,,0,f,list,,,,,20,f,,2026/2027,f,90
f681fc6a-b530-4227-aca5-47bbf10b71dc,792f150e-1c25-4f3c-878f-75536c7edd5b,Round 8,e834859a-a97d-47b8-88cc-6e58d04060e7,539cc6fb-d79a-449b-be23-1271355bd727,2026-11-07 09:00:00+00,,,scheduled,,,,,,,2026-08-10 14:00:34.49121+00,2026-08-20 19:25:09.087026+00,,0,f,list,,,,,8,f,,2026/2027,f,90
5f379391-b3ca-48a9-8409-4908410d7e9f,792f150e-1c25-4f3c-878f-75536c7edd5b,Round 9,e834859a-a97d-47b8-88cc-6e58d04060e7,bc2e4358-851e-4dc2-a8aa-ee755c6dd447,2026-11-20 09:00:00+00,,,scheduled,,,,,,,2026-08-10 14:00:34.49121+00,2026-08-20 19:25:23.662258+00,,0,f,list,,,,,9,f,,2026/2027,f,90
2ccc1e78-861f-4814-9bf1-cabe4f5dbca0,792f150e-1c25-4f3c-878f-75536c7edd5b,Round 10,598d82e7-8002-4423-9468-d58ec371907c,e834859a-a97d-47b8-88cc-6e58d04060e7,2026-11-28 09:00:00+00,,,scheduled,,,,,,,2026-08-10 14:00:34.49121+00,2026-08-20 19:25:37.874352+00,,0,f,list,,,,,10,f,,2026/2027,f,90
2c9132df-e706-4b82-bb6b-eee9dd145089,792f150e-1c25-4f3c-878f-75536c7edd5b,Round 20,91915327-7b03-4ccf-b968-52a1dae28a9f,2986f4c3-8906-483b-b021-dae5ddf46c2a,2027-05-06 12:00:00+00,,,scheduled,,,,,,,2026-08-10 14:01:09.065718+00,2026-08-11 23:41:46.836938+00,,0,f,list,,,,,20,f,,2026/2027,f,90
b08e2927-c5c3-4970-953c-d0b6dcd7c1fe,792f150e-1c25-4f3c-878f-75536c7edd5b,Round 21,bc2e4358-851e-4dc2-a8aa-ee755c6dd447,539cc6fb-d79a-449b-be23-1271355bd727,2027-05-19 12:00:00+00,,,scheduled,,,,,,,2026-08-10 14:01:09.065718+00,2026-08-11 23:41:46.836938+00,,0,f,list,,,,,21,f,,2026/2027,f,90
da4c1ddd-5f7b-4bdb-8dbf-882ea354e784,792f150e-1c25-4f3c-878f-75536c7edd5b,Round 21,073cfa17-037f-4b8b-a79a-aeb5dbee9a40,4f941a6e-7ce2-416e-b293-7f010c901415,2027-05-19 12:00:00+00,,,scheduled,,,,,,,2026-08-10 14:01:09.065718+00,2026-08-11 23:41:46.836938+00,,0,f,list,,,,,21,f,,2026/2027,f,90
77749dde-df9d-46f6-99ff-37c7b945dc79,792f150e-1c25-4f3c-878f-75536c7edd5b,Round 21,a7166bc6-b129-47bb-bc4e-e085b1a2dfcd,8d6cb3fe-6e3d-4cdc-af60-ea9de938d174,2027-05-20 12:00:00+00,,,scheduled,,,,,,,2026-08-10 14:01:09.065718+00,2026-08-11 23:41:46.836938+00,,0,f,list,,,,,21,f,,2026/2027,f,90
a7a1755e-75e8-44ae-bacc-e43acc10a2b8,792f150e-1c25-4f3c-878f-75536c7edd5b,Round 21,666d9085-19bc-476a-a70a-e778d088eb23,91915327-7b03-4ccf-b968-52a1dae28a9f,2027-05-20 12:00:00+00,,,scheduled,,,,,,,2026-08-10 14:01:09.065718+00,2026-08-11 23:41:46.836938+00,,0,f,list,,,,,21,f,,2026/2027,f,90
314d8911-aba6-483b-a219-6c3d9bae4700,792f150e-1c25-4f3c-878f-75536c7edd5b,Round 22,539cc6fb-d79a-449b-be23-1271355bd727,073cfa17-037f-4b8b-a79a-aeb5dbee9a40,2027-05-30 12:00:00+00,,,scheduled,,,,,,,2026-08-10 14:01:09.065718+00,2026-08-11 23:41:46.836938+00,,0,f,list,,,,,22,f,,2026/2027,f,90
1f70df3f-fbae-4359-9464-aef730e3a92c,792f150e-1c25-4f3c-878f-75536c7edd5b,Round 22,bc2e4358-851e-4dc2-a8aa-ee755c6dd447,598d82e7-8002-4423-9468-d58ec371907c,2027-05-30 12:00:00+00,,,scheduled,,,,,,,2026-08-10 14:01:09.065718+00,2026-08-11 23:41:46.836938+00,,0,f,list,,,,,22,f,,2026/2027,f,90
f99998a6-884f-49f5-b10d-5ef8e4d36351,792f150e-1c25-4f3c-878f-75536c7edd5b,Round 22,4f941a6e-7ce2-416e-b293-7f010c901415,8d6cb3fe-6e3d-4cdc-af60-ea9de938d174,2027-05-30 12:00:00+00,,,scheduled,,,,,,,2026-08-10 14:01:09.065718+00,2026-08-11 23:41:46.836938+00,,0,f,list,,,,,22,f,,2026/2027,f,90
a765b8d1-2b57-4e30-b9f9-b280677f22ef,792f150e-1c25-4f3c-878f-75536c7edd5b,Round 22,a7166bc6-b129-47bb-bc4e-e085b1a2dfcd,2986f4c3-8906-483b-b021-dae5ddf46c2a,2027-05-30 12:00:00+00,,,scheduled,,,,,,,2026-08-10 14:01:09.065718+00,2026-08-11 23:41:46.836938+00,,0,f,list,,,,,22,f,,2026/2027,f,90
d37ea09f-2121-4835-956d-b0c2fbfe3ffd,792f150e-1c25-4f3c-878f-75536c7edd5b,Round 16,e834859a-a97d-47b8-88cc-6e58d04060e7,8d6cb3fe-6e3d-4cdc-af60-ea9de938d174,2027-03-21 12:00:00+00,,,scheduled,,,,,,,2026-08-10 14:01:47.665549+00,2026-08-20 19:29:22.918195+00,,0,f,list,,,,,16,f,,2026/2027,f,90
447160e7-0e92-4604-ae6d-a37e850b1db7,792f150e-1c25-4f3c-878f-75536c7edd5b,Round 12,598d82e7-8002-4423-9468-d58ec371907c,539cc6fb-d79a-449b-be23-1271355bd727,2027-02-06 12:00:00+00,,,scheduled,,,,,,,2026-08-10 14:01:47.665549+00,2026-08-11 23:41:46.836938+00,,0,f,list,,,,,12,f,,2026/2027,f,90
4fa7bcc6-663c-41b6-9733-f8845cabc7d9,792f150e-1c25-4f3c-878f-75536c7edd5b,Round 12,8d6cb3fe-6e3d-4cdc-af60-ea9de938d174,073cfa17-037f-4b8b-a79a-aeb5dbee9a40,2027-02-06 12:00:00+00,,,scheduled,,,,,,,2026-08-10 14:01:47.665549+00,2026-08-11 23:41:46.836938+00,,0,f,list,,,,,12,f,,2026/2027,f,90
a11d8072-5178-47a6-a0da-22e2388ddd59,792f150e-1c25-4f3c-878f-75536c7edd5b,Round 12,91915327-7b03-4ccf-b968-52a1dae28a9f,bc2e4358-851e-4dc2-a8aa-ee755c6dd447,2027-02-06 12:00:00+00,,,scheduled,,,,,,,2026-08-10 14:01:47.665549+00,2026-08-11 23:41:46.836938+00,,0,f,list,,,,,12,f,,2026/2027,f,90
d2c78e97-f6e7-46cc-ad2c-c6fd8c03960b,792f150e-1c25-4f3c-878f-75536c7edd5b,Round 12,2986f4c3-8906-483b-b021-dae5ddf46c2a,4f941a6e-7ce2-416e-b293-7f010c901415,2027-02-06 12:00:00+00,,,scheduled,,,,,,,2026-08-10 14:01:47.665549+00,2026-08-11 23:41:46.836938+00,,0,f,list,,,,,12,f,,2026/2027,f,90
1e580819-3d3d-4c15-9f12-67fae1fbab4b,792f150e-1c25-4f3c-878f-75536c7edd5b,Round 21,598d82e7-8002-4423-9468-d58ec371907c,e834859a-a97d-47b8-88cc-6e58d04060e7,2027-05-19 12:00:00+00,,,scheduled,,,,,,,2026-08-10 14:01:09.065718+00,2026-08-20 19:30:12.47509+00,,0,f,list,,,,,21,f,,2026/2027,f,90
e87cd8f9-b2ae-4457-864e-506a71180bf0,792f150e-1c25-4f3c-878f-75536c7edd5b,Round 12,666d9085-19bc-476a-a70a-e778d088eb23,a7166bc6-b129-47bb-bc4e-e085b1a2dfcd,2027-02-07 12:00:00+00,,,scheduled,,,,,,,2026-08-10 14:01:47.665549+00,2026-08-11 23:41:46.836938+00,,0,f,list,,,,,12,f,,2026/2027,f,90
434b9026-6415-46b7-ab99-0af5c8951526,792f150e-1c25-4f3c-878f-75536c7edd5b,Round 13,8d6cb3fe-6e3d-4cdc-af60-ea9de938d174,539cc6fb-d79a-449b-be23-1271355bd727,2027-02-12 12:00:00+00,,,scheduled,,,,,,,2026-08-10 14:01:47.665549+00,2026-08-11 23:41:46.836938+00,,0,f,list,,,,,13,f,,2026/2027,f,90
18a17b47-b4fc-4e22-ac9b-5477b2400af8,792f150e-1c25-4f3c-878f-75536c7edd5b,Round 13,91915327-7b03-4ccf-b968-52a1dae28a9f,598d82e7-8002-4423-9468-d58ec371907c,2027-02-12 12:00:00+00,,,scheduled,,,,,,,2026-08-10 14:01:47.665549+00,2026-08-11 23:41:46.836938+00,,0,f,list,,,,,13,f,,2026/2027,f,90
5b077ea6-521a-47b1-8678-a2fd8818b9a9,792f150e-1c25-4f3c-878f-75536c7edd5b,Round 13,2986f4c3-8906-483b-b021-dae5ddf46c2a,073cfa17-037f-4b8b-a79a-aeb5dbee9a40,2027-02-12 12:00:00+00,,,scheduled,,,,,,,2026-08-10 14:01:47.665549+00,2026-08-11 23:41:46.836938+00,,0,f,list,,,,,13,f,,2026/2027,f,90
a7e498d4-2027-4787-aea3-36c1341a393c,792f150e-1c25-4f3c-878f-75536c7edd5b,Round 13,666d9085-19bc-476a-a70a-e778d088eb23,4f941a6e-7ce2-416e-b293-7f010c901415,2027-02-13 12:00:00+00,,,scheduled,,,,,,,2026-08-10 14:01:47.665549+00,2026-08-11 23:41:46.836938+00,,0,f,list,,,,,13,f,,2026/2027,f,90
118f7b6f-04ab-4128-8145-eb9d47a294fb,792f150e-1c25-4f3c-878f-75536c7edd5b,Round 14,91915327-7b03-4ccf-b968-52a1dae28a9f,539cc6fb-d79a-449b-be23-1271355bd727,2027-02-27 12:00:00+00,,,scheduled,,,,,,,2026-08-10 14:01:47.665549+00,2026-08-11 23:41:46.836938+00,,0,f,list,,,,,14,f,,2026/2027,f,90
95a9d087-cf95-4920-b47f-ff8a21a954db,792f150e-1c25-4f3c-878f-75536c7edd5b,Round 14,8d6cb3fe-6e3d-4cdc-af60-ea9de938d174,2986f4c3-8906-483b-b021-dae5ddf46c2a,2027-02-27 12:00:00+00,,,scheduled,,,,,,,2026-08-10 14:01:47.665549+00,2026-08-11 23:41:46.836938+00,,0,f,list,,,,,14,f,,2026/2027,f,90
14c58518-e201-42de-99c7-f957d8e1f14e,792f150e-1c25-4f3c-878f-75536c7edd5b,Round 14,666d9085-19bc-476a-a70a-e778d088eb23,073cfa17-037f-4b8b-a79a-aeb5dbee9a40,2027-02-28 12:00:00+00,,,scheduled,,,,,,,2026-08-10 14:01:47.665549+00,2026-08-11 23:41:46.836938+00,,0,f,list,,,,,14,f,,2026/2027,f,90
7f2e74a7-a44a-4551-bb54-dc556f2f8be7,792f150e-1c25-4f3c-878f-75536c7edd5b,Round 14,a7166bc6-b129-47bb-bc4e-e085b1a2dfcd,bc2e4358-851e-4dc2-a8aa-ee755c6dd447,2027-02-28 12:00:00+00,,,scheduled,,,,,,,2026-08-10 14:01:47.665549+00,2026-08-11 23:41:46.836938+00,,0,f,list,,,,,14,f,,2026/2027,f,90
a4992f2c-d33b-4fd2-9d52-2f092ffe0086,792f150e-1c25-4f3c-878f-75536c7edd5b,Round 15,2986f4c3-8906-483b-b021-dae5ddf46c2a,539cc6fb-d79a-449b-be23-1271355bd727,2027-03-12 12:00:00+00,,,scheduled,,,,,,,2026-08-10 14:01:47.665549+00,2026-08-11 23:41:46.836938+00,,0,f,list,,,,,15,f,,2026/2027,f,90
85d0a554-9701-44a4-b524-c568b077a2d2,792f150e-1c25-4f3c-878f-75536c7edd5b,Round 22,e834859a-a97d-47b8-88cc-6e58d04060e7,91915327-7b03-4ccf-b968-52a1dae28a9f,2027-05-30 12:00:00+00,,,scheduled,,,,,,,2026-08-10 14:01:09.065718+00,2026-08-20 19:30:39.688047+00,,0,f,list,,,,,22,f,,2026/2027,f,90
e120369a-d0e6-4931-a20b-97872b72eea4,792f150e-1c25-4f3c-878f-75536c7edd5b,Round 15,8d6cb3fe-6e3d-4cdc-af60-ea9de938d174,666d9085-19bc-476a-a70a-e778d088eb23,2027-03-12 12:00:00+00,,,scheduled,,,,,,,2026-08-10 14:01:47.665549+00,2026-08-11 23:41:46.836938+00,,0,f,list,,,,,15,f,,2026/2027,f,90
8f63bc16-b0f0-48d9-99c9-bb3c2097c90d,792f150e-1c25-4f3c-878f-75536c7edd5b,Round 15,598d82e7-8002-4423-9468-d58ec371907c,a7166bc6-b129-47bb-bc4e-e085b1a2dfcd,2027-03-13 12:00:00+00,,,scheduled,,,,,,,2026-08-10 14:01:47.665549+00,2026-08-11 23:41:46.836938+00,,0,f,list,,,,,15,f,,2026/2027,f,90
1e531d10-5834-4fb0-b2ba-6e021ed35af3,792f150e-1c25-4f3c-878f-75536c7edd5b,Round 15,bc2e4358-851e-4dc2-a8aa-ee755c6dd447,4f941a6e-7ce2-416e-b293-7f010c901415,2027-03-13 12:00:00+00,,,scheduled,,,,,,,2026-08-10 14:01:47.665549+00,2026-08-11 23:41:46.836938+00,,0,f,list,,,,,15,f,,2026/2027,f,90
bccc5a92-ff89-42bb-be28-abb8f267a6aa,792f150e-1c25-4f3c-878f-75536c7edd5b,Round 13,a7166bc6-b129-47bb-bc4e-e085b1a2dfcd,e834859a-a97d-47b8-88cc-6e58d04060e7,2027-02-13 12:00:00+00,,,scheduled,,,,,,,2026-08-10 14:01:47.665549+00,2026-08-20 19:27:22.774223+00,,0,f,list,,,,,13,f,,2026/2027,f,90
77f74163-fada-4663-9f4b-8ab2204fd5b5,792f150e-1c25-4f3c-878f-75536c7edd5b,Round 16,666d9085-19bc-476a-a70a-e778d088eb23,2986f4c3-8906-483b-b021-dae5ddf46c2a,2027-03-20 12:00:00+00,,,scheduled,,,,,,,2026-08-10 14:01:47.665549+00,2026-08-11 23:41:46.836938+00,,0,f,list,,,,,16,f,,2026/2027,f,90
a18044df-376f-4c7e-8f7e-45885e169b47,792f150e-1c25-4f3c-878f-75536c7edd5b,Round 16,a7166bc6-b129-47bb-bc4e-e085b1a2dfcd,91915327-7b03-4ccf-b968-52a1dae28a9f,2027-03-20 12:00:00+00,,,scheduled,,,,,,,2026-08-10 14:01:47.665549+00,2026-08-11 23:41:46.836938+00,,0,f,list,,,,,16,f,,2026/2027,f,90
65e530b0-40aa-422e-917d-707cf08f25f6,792f150e-1c25-4f3c-878f-75536c7edd5b,Round 16,4f941a6e-7ce2-416e-b293-7f010c901415,598d82e7-8002-4423-9468-d58ec371907c,2027-03-21 12:00:00+00,,,scheduled,,,,,,,2026-08-10 14:01:47.665549+00,2026-08-11 23:41:46.836938+00,,0,f,list,,,,,16,f,,2026/2027,f,90
475b45ff-6314-49b5-b788-0f22d11b03ec,792f150e-1c25-4f3c-878f-75536c7edd5b,Round 16,bc2e4358-851e-4dc2-a8aa-ee755c6dd447,073cfa17-037f-4b8b-a79a-aeb5dbee9a40,2027-03-21 12:00:00+00,,,scheduled,,,,,,,2026-08-10 14:01:47.665549+00,2026-08-11 23:41:46.836938+00,,0,f,list,,,,,16,f,,2026/2027,f,90
5126cae7-2564-4bb3-a0c0-a11be3c9955e,792f150e-1c25-4f3c-878f-75536c7edd5b,Round 14,e834859a-a97d-47b8-88cc-6e58d04060e7,4f941a6e-7ce2-416e-b293-7f010c901415,2027-02-28 12:00:00+00,,,scheduled,,,,,,,2026-08-10 14:01:47.665549+00,2026-08-20 19:29:01.168041+00,,0,f,list,,,,,14,f,,2026/2027,f,90
65865854-e0f0-499d-89df-c911c4051ccd,792f150e-1c25-4f3c-878f-75536c7edd5b,Round 15,e834859a-a97d-47b8-88cc-6e58d04060e7,073cfa17-037f-4b8b-a79a-aeb5dbee9a40,2027-03-13 12:00:00+00,,,scheduled,,,,,,,2026-08-10 14:01:47.665549+00,2026-08-20 19:29:14.284088+00,,0,f,list,,,,,15,f,,2026/2027,f,90
4fa706b3-87ee-4c8b-adcc-4aa7e73ca870,792f150e-1c25-4f3c-878f-75536c7edd5b,Round 17,666d9085-19bc-476a-a70a-e778d088eb23,539cc6fb-d79a-449b-be23-1271355bd727,2027-04-02 12:00:00+00,,,scheduled,,,,,,,2026-08-10 14:01:47.665549+00,2026-08-11 23:41:46.836938+00,,0,f,list,,,,,17,f,,2026/2027,f,90
b400c084-5848-46ec-9c3f-286505b74dd1,792f150e-1c25-4f3c-878f-75536c7edd5b,Round 17,91915327-7b03-4ccf-b968-52a1dae28a9f,4f941a6e-7ce2-416e-b293-7f010c901415,2027-04-03 12:00:00+00,,,scheduled,,,,,,,2026-08-10 14:01:47.665549+00,2026-08-11 23:41:46.836938+00,,0,f,list,,,,,17,f,,2026/2027,f,90
0bf4c825-c8b8-4a51-84cd-c9e920bd8fd6,792f150e-1c25-4f3c-878f-75536c7edd5b,Round 17,8d6cb3fe-6e3d-4cdc-af60-ea9de938d174,bc2e4358-851e-4dc2-a8aa-ee755c6dd447,2027-04-03 12:00:00+00,,,scheduled,,,,,,,2026-08-10 14:01:47.665549+00,2026-08-11 23:41:46.836938+00,,0,f,list,,,,,17,f,,2026/2027,f,90
3dabd86e-986c-4c64-bc39-bcc217cba7dc,792f150e-1c25-4f3c-878f-75536c7edd5b,Round 17,073cfa17-037f-4b8b-a79a-aeb5dbee9a40,598d82e7-8002-4423-9468-d58ec371907c,2027-04-03 12:00:00+00,,,scheduled,,,,,,,2026-08-10 14:01:47.665549+00,2026-08-11 23:41:46.836938+00,,0,f,list,,,,,17,f,,2026/2027,f,90
1a665383-1495-4c97-80a7-d0401abf8a08,246d74c1-2746-40bf-ad75-cdff6fb0fe0e,Round 2,e06e9326-d05d-49f5-870e-8904723d885d,91a3d70a-4152-44f2-bd21-54c94698e9ca,2026-09-28 04:00:00+00,Prince Abdullah Al Faisal Stadium,,scheduled,,,,,,,2026-08-17 03:43:39.241275+00,2026-08-17 03:44:38.162267+00,,0,f,list,,,,,2,f,,2026,f,90
52b6eb8c-d6b3-4367-9dca-fd627a32b918,792f150e-1c25-4f3c-878f-75536c7edd5b,Round 17,2986f4c3-8906-483b-b021-dae5ddf46c2a,e834859a-a97d-47b8-88cc-6e58d04060e7,2027-04-02 12:00:00+00,,,scheduled,,,,,,,2026-08-10 14:01:47.665549+00,2026-08-20 19:29:29.835457+00,,0,f,list,,,,,17,f,,2026/2027,f,90
9cadefd0-2b60-4e64-9c75-17406c7da798,792f150e-1c25-4f3c-878f-75536c7edd5b,Round 17,e62bea24-9251-4e69-b03b-b0f3fae6618f,a7166bc6-b129-47bb-bc4e-e085b1a2dfcd,2027-04-02 12:00:00+00,,,scheduled,,,,,,,2026-08-10 14:01:47.665549+00,2026-08-20 20:13:46.432049+00,,0,f,list,,,,,17,f,,2026/2027,f,90
