id,team_id,player_id,shirt_number,photo_url,position,created_at
38f34830-041d-45f5-afa8-4fa067e0e308,18da094d-7bfa-4077-932c-28123cfd0912,be27f83e-1b2e-43c4-ae3f-4651f838ba38,1,https://ontmfbptthwipfzlywwh.supabase.co/storage/v1/object/sign/player-photos/1b02a400-1402-4c6f-a669-cb47d5a6d191.webp?token=eyJraWQiOiJzdG9yYWdlLXVybC1zaWduaW5nLWtleV9hODVlNGZkYi1iOWRjLTQ2NWUtOGNiNy0xZjRiZmY0OWJiMjciLCJhbGciOiJIUzI1NiJ9.eyJ1cmwiOiJwbGF5ZXItcGhvdG9zLzFiMDJhNDAwLTE0MDItNGM2Zi1hNjY5LWNiNDdkNWE2ZDE5MS53ZWJwIiwic2NvcGUiOiJkb3dubG9hZCIsImlhdCI6MTc4Njk0OTU3NywiZXhwIjoxOTQ0NjI5NTc3fQ.Nvb64AHAj2vWtnQMJZGyq7r0N4VeqRrAAs9xeQLW8-I,,2026-08-17 03:23:08.881071+00
fd0b14c5-0fb9-47d9-96b8-af89e239358c,18da094d-7bfa-4077-932c-28123cfd0912,45d5ec5d-6ca9-4422-a7fd-09bdb802c259,22,https://ontmfbptthwipfzlywwh.supabase.co/storage/v1/object/sign/player-photos/05713411-a4aa-4d01-b2e2-670b873a9347.webp?token=eyJraWQiOiJzdG9yYWdlLXVybC1zaWduaW5nLWtleV9hODVlNGZkYi1iOWRjLTQ2NWUtOGNiNy0xZjRiZmY0OWJiMjciLCJhbGciOiJIUzI1NiJ9.eyJ1cmwiOiJwbGF5ZXItcGhvdG9zLzA1NzEzNDExLWE0YWEtNGQwMS1iMmUyLTY3MGI4NzNhOTM0Ny53ZWJwIiwic2NvcGUiOiJkb3dubG9hZCIsImlhdCI6MTc4Njk0OTU4NywiZXhwIjoxOTQ0NjI5NTg3fQ.VpvII0CnuEJhRC8sJC8L-Swzvc2Ve2zlT11ABkmSLHU,,2026-08-17 03:23:55.947286+00
dcceac76-2e3c-4281-a120-fb68a9dc1583,18da094d-7bfa-4077-932c-28123cfd0912,d0a9e55b-66ec-4030-8fd6-648bac5c15a4,21,https://ontmfbptthwipfzlywwh.supabase.co/storage/v1/object/sign/player-photos/4f9f7fc3-aebf-4fb2-83f5-74ca179bd3d9.webp?token=eyJraWQiOiJzdG9yYWdlLXVybC1zaWduaW5nLWtleV9hODVlNGZkYi1iOWRjLTQ2NWUtOGNiNy0xZjRiZmY0OWJiMjciLCJhbGciOiJIUzI1NiJ9.eyJ1cmwiOiJwbGF5ZXItcGhvdG9zLzRmOWY3ZmMzLWFlYmYtNGZiMi04M2Y1LTc0Y2ExNzliZDNkOS53ZWJwIiwic2NvcGUiOiJkb3dubG9hZCIsImlhdCI6MTc4Njk0OTYwNSwiZXhwIjoxOTQ0NjI5NjA1fQ.YnMQMjrLLRw7drpJunGMLwDVCK1RmEvNnMC-pVpa9v4,,2026-08-17 03:23:13.803843+00
25f37a6e-3882-4277-a3d5-313809429a11,18da094d-7bfa-4077-932c-28123cfd0912,4151d703-9d1e-4a26-9904-4ca9251cc4cd,4,https://ontmfbptthwipfzlywwh.supabase.co/storage/v1/object/sign/player-photos/91cab340-638f-40e6-8df1-0645e7ded918.webp?token=eyJraWQiOiJzdG9yYWdlLXVybC1zaWduaW5nLWtleV9hODVlNGZkYi1iOWRjLTQ2NWUtOGNiNy0xZjRiZmY0OWJiMjciLCJhbGciOiJIUzI1NiJ9.eyJ1cmwiOiJwbGF5ZXItcGhvdG9zLzkxY2FiMzQwLTYzOGYtNDBlNi04ZGYxLTA2NDVlN2RlZDkxOC53ZWJwIiwic2NvcGUiOiJkb3dubG9hZCIsImlhdCI6MTc4Njk0OTY0MCwiZXhwIjoxOTQ0NjI5NjQwfQ.j2tP2dtIAOY7MuhNysIvAOh0dp12SnbmOB_z4LY8k7s,,2026-08-17 06:51:35.556471+00
4195cbbc-b525-4399-a4e5-9a714b48397c,18da094d-7bfa-4077-932c-28123cfd0912,3c55adb7-3777-4e8f-b0e5-2d7500274d1f,3,https://ontmfbptthwipfzlywwh.supabase.co/storage/v1/object/sign/player-photos/5ce6c54a-2609-414a-b3ed-81e0fb10eb6a.webp?token=eyJraWQiOiJzdG9yYWdlLXVybC1zaWduaW5nLWtleV9hODVlNGZkYi1iOWRjLTQ2NWUtOGNiNy0xZjRiZmY0OWJiMjciLCJhbGciOiJIUzI1NiJ9.eyJ1cmwiOiJwbGF5ZXItcGhvdG9zLzVjZTZjNTRhLTI2MDktNDE0YS1iM2VkLTgxZTBmYjEwZWI2YS53ZWJwIiwic2NvcGUiOiJkb3dubG9hZCIsImlhdCI6MTc4Njk0OTc4MCwiZXhwIjoxOTQ0NjI5NzgwfQ.w5mve9A-QkJWJ_oNu6mfEDbS3-NSBFZobpxbJv2Qjuo,,2026-08-17 06:51:09.922226+00
3563f3db-645d-4aa0-81cb-a89723cbc38f,18da094d-7bfa-4077-932c-28123cfd0912,27218b51-d2ed-4d29-bb0a-c91875b47050,13,https://ontmfbptthwipfzlywwh.supabase.co/storage/v1/object/sign/player-photos/1f0ce157-f4bc-42c1-9868-3f6f8146a11e.webp?token=eyJraWQiOiJzdG9yYWdlLXVybC1zaWduaW5nLWtleV9hODVlNGZkYi1iOWRjLTQ2NWUtOGNiNy0xZjRiZmY0OWJiMjciLCJhbGciOiJIUzI1NiJ9.eyJ1cmwiOiJwbGF5ZXItcGhvdG9zLzFmMGNlMTU3LWY0YmMtNDJjMS05ODY4LTNmNmY4MTQ2YTExZS53ZWJwIiwic2NvcGUiOiJkb3dubG9hZCIsImlhdCI6MTc4Njk0OTY5NSwiZXhwIjoxOTQ0NjI5Njk1fQ.AfgBtGGg62FoSJAuq4qrnTXoDIDYFdXzngert24XDa8,,2026-08-17 06:51:25.635582+00
80e03e4f-ac04-411f-9a30-728bdb0d7517,18da094d-7bfa-4077-932c-28123cfd0912,0493a4bc-1ae1-4af5-88f2-ca3c50372c7c,14,https://ontmfbptthwipfzlywwh.supabase.co/storage/v1/object/sign/player-photos/525b38df-421a-4b40-a1d8-352231c146df.webp?token=eyJraWQiOiJzdG9yYWdlLXVybC1zaWduaW5nLWtleV9hODVlNGZkYi1iOWRjLTQ2NWUtOGNiNy0xZjRiZmY0OWJiMjciLCJhbGciOiJIUzI1NiJ9.eyJ1cmwiOiJwbGF5ZXItcGhvdG9zLzUyNWIzOGRmLTQyMWEtNGI0MC1hMWQ4LTM1MjIzMWMxNDZkZi53ZWJwIiwic2NvcGUiOiJkb3dubG9hZCIsImlhdCI6MTc4Njk0OTcwOSwiZXhwIjoxOTQ0NjI5NzA5fQ.H2cAUY06fEzk2mlC23Bs1ld7PFybCjqkqyMh6MPSW8Q,,2026-08-17 06:50:50.202127+00
c9c4f99d-29a4-4f96-8a91-d804ac3c8479,18da094d-7bfa-4077-932c-28123cfd0912,b022f211-917d-4165-9bb0-b1e6c6730cb3,24,https://ontmfbptthwipfzlywwh.supabase.co/storage/v1/object/sign/player-photos/5925c3cf-27a9-4644-b040-b5d61de4621f.webp?token=eyJraWQiOiJzdG9yYWdlLXVybC1zaWduaW5nLWtleV9hODVlNGZkYi1iOWRjLTQ2NWUtOGNiNy0xZjRiZmY0OWJiMjciLCJhbGciOiJIUzI1NiJ9.eyJ1cmwiOiJwbGF5ZXItcGhvdG9zLzU5MjVjM2NmLTI3YTktNDY0NC1iMDQwLWI1ZDYxZGU0NjIxZi53ZWJwIiwic2NvcGUiOiJkb3dubG9hZCIsImlhdCI6MTc4Njk0OTczNCwiZXhwIjoxOTQ0NjI5NzM0fQ.fvpyUTNu_tzB8W11ISJXTZQoaaKueQVI7g8bwZC3DeY,,2026-08-17 06:51:04.099233+00
0c6b8716-0049-4b84-bdc5-f40abfb55e0d,18da094d-7bfa-4077-932c-28123cfd0912,6e4d079f-2ede-47f6-9e1c-9921d8ae565a,25,https://ontmfbptthwipfzlywwh.supabase.co/storage/v1/object/sign/player-photos/32eb8eb8-9e1b-4f95-988f-368f39c5444f.webp?token=eyJraWQiOiJzdG9yYWdlLXVybC1zaWduaW5nLWtleV9hODVlNGZkYi1iOWRjLTQ2NWUtOGNiNy0xZjRiZmY0OWJiMjciLCJhbGciOiJIUzI1NiJ9.eyJ1cmwiOiJwbGF5ZXItcGhvdG9zLzMyZWI4ZWI4LTllMWItNGY5NS05ODhmLTM2OGYzOWM1NDQ0Zi53ZWJwIiwic2NvcGUiOiJkb3dubG9hZCIsImlhdCI6MTc4Njk0OTc0MiwiZXhwIjoxOTQ0NjI5NzQyfQ.IXL5evMwgmGnQArGe6ABlsz2PPgiD7AUxE7rc6LyQSk,,2026-08-17 06:50:43.629587+00
2d21335b-0f89-4797-88da-54d109014064,5087f15f-2ab8-4f32-9d52-cdec449664b1,256a3e19-e343-4820-a00d-c6e652b16841,,https://ontmfbptthwipfzlywwh.supabase.co/storage/v1/object/sign/player-photos/a729465a-8ffd-4af6-911e-9bbab5b455ce.jpeg?token=eyJraWQiOiJzdG9yYWdlLXVybC1zaWduaW5nLWtleV9hODVlNGZkYi1iOWRjLTQ2NWUtOGNiNy0xZjRiZmY0OWJiMjciLCJhbGciOiJIUzI1NiJ9.eyJ1cmwiOiJwbGF5ZXItcGhvdG9zL2E3Mjk0NjVhLThmZmQtNGFmNi05MTFlLTliYmFiNWI0NTVjZS5qcGVnIiwic2NvcGUiOiJkb3dubG9hZCIsImlhdCI6MTc4NzExMDgzNiwiZXhwIjoxOTQ0NzkwODM2fQ.HSXmgfUodSHmqO51MFne0rc-lgAploTL330tCdMtJ6o,,2026-08-17 00:07:49.243797+00
48ec2e08-c1c0-417f-9cdb-1f4b01b6812f,5087f15f-2ab8-4f32-9d52-cdec449664b1,90b03a46-ef52-4177-8575-24f4d092dcc3,,https://ontmfbptthwipfzlywwh.supabase.co/storage/v1/object/sign/player-photos/82b06458-b374-4cf3-811a-af587329bd40.jpeg?token=eyJraWQiOiJzdG9yYWdlLXVybC1zaWduaW5nLWtleV9hODVlNGZkYi1iOWRjLTQ2NWUtOGNiNy0xZjRiZmY0OWJiMjciLCJhbGciOiJIUzI1NiJ9.eyJ1cmwiOiJwbGF5ZXItcGhvdG9zLzgyYjA2NDU4LWIzNzQtNGNmMy04MTFhLWFmNTg3MzI5YmQ0MC5qcGVnIiwic2NvcGUiOiJkb3dubG9hZCIsImlhdCI6MTc4NzI3ODY1MiwiZXhwIjoxOTQ0OTU4NjUyfQ.u9YdNdAXiI_6vOpomLDONd29-_h8iLf0xq0AWsKlxiw,,2026-08-17 00:06:55.646009+00
7bf86dbc-01cc-4e2a-8577-39b94cacb1d0,5087f15f-2ab8-4f32-9d52-cdec449664b1,e8197dc0-4843-46c0-9903-09a95a5b6aee,,https://ontmfbptthwipfzlywwh.supabase.co/storage/v1/object/sign/player-photos/2155ddb8-5195-4889-b1e0-d9a994c418dd.jpeg?token=eyJraWQiOiJzdG9yYWdlLXVybC1zaWduaW5nLWtleV9hODVlNGZkYi1iOWRjLTQ2NWUtOGNiNy0xZjRiZmY0OWJiMjciLCJhbGciOiJIUzI1NiJ9.eyJ1cmwiOiJwbGF5ZXItcGhvdG9zLzIxNTVkZGI4LTUxOTUtNDg4OS1iMWUwLWQ5YTk5NGM0MThkZC5qcGVnIiwic2NvcGUiOiJkb3dubG9hZCIsImlhdCI6MTc4NzExMTM5NiwiZXhwIjoxOTQ0NzkxMzk2fQ.8jb_i0tbGwkTkcnUcUzTQp0G0fu3NqhK8nzXPmNh4NM,,2026-08-17 00:03:56.882628+00
98083d20-cc80-4ef8-bfc7-2c734de7479d,5087f15f-2ab8-4f32-9d52-cdec449664b1,daf2caa1-32de-4c0b-811a-32fc46d2a4c5,,https://ontmfbptthwipfzlywwh.supabase.co/storage/v1/object/sign/player-photos/54b965d7-f001-48e4-8f9f-8ab8bdf86d86.jpeg?token=eyJraWQiOiJzdG9yYWdlLXVybC1zaWduaW5nLWtleV9hODVlNGZkYi1iOWRjLTQ2NWUtOGNiNy0xZjRiZmY0OWJiMjciLCJhbGciOiJIUzI1NiJ9.eyJ1cmwiOiJwbGF5ZXItcGhvdG9zLzU0Yjk2NWQ3LWYwMDEtNDhlNC04ZjlmLThhYjhiZGY4NmQ4Ni5qcGVnIiwic2NvcGUiOiJkb3dubG9hZCIsImlhdCI6MTc4NzExMTk0MSwiZXhwIjoxOTQ0NzkxOTQxfQ.BMla71l44fXyCOwLxEmeRIjCy2clh9vIUeBMtWCGRrA,,2026-08-17 00:06:25.478536+00
020ed1b0-2b4b-4304-9bcb-3bc4fc3110b3,5087f15f-2ab8-4f32-9d52-cdec449664b1,5331dbc7-1501-40df-bef1-fa7d0582d23b,,https://ontmfbptthwipfzlywwh.supabase.co/storage/v1/object/sign/player-photos/a768245b-4438-4ceb-ad43-3b9d7b31de90.jpeg?token=eyJraWQiOiJzdG9yYWdlLXVybC1zaWduaW5nLWtleV9hODVlNGZkYi1iOWRjLTQ2NWUtOGNiNy0xZjRiZmY0OWJiMjciLCJhbGciOiJIUzI1NiJ9.eyJ1cmwiOiJwbGF5ZXItcGhvdG9zL2E3NjgyNDViLTQ0MzgtNGNlYi1hZDQzLTNiOWQ3YjMxZGU5MC5qcGVnIiwic2NvcGUiOiJkb3dubG9hZCIsImlhdCI6MTc4NzE5OTkyMCwiZXhwIjoxOTQ0ODc5OTIwfQ.Bp9faylEBojL036jt6EbgBoXHJkMfTCYKPVbs_fbsdg,,2026-08-17 00:03:46.232086+00
f6ab1672-4d6e-46bd-aaeb-81124e28a20d,18da094d-7bfa-4077-932c-28123cfd0912,40a44917-40f9-4ad5-aa39-0f0d86e9ab6e,2,https://ontmfbptthwipfzlywwh.supabase.co/storage/v1/object/sign/player-photos/a3ed1550-dff3-474e-a3f5-3bc355115907.webp?token=eyJraWQiOiJzdG9yYWdlLXVybC1zaWduaW5nLWtleV9hODVlNGZkYi1iOWRjLTQ2NWUtOGNiNy0xZjRiZmY0OWJiMjciLCJhbGciOiJIUzI1NiJ9.eyJ1cmwiOiJwbGF5ZXItcGhvdG9zL2EzZWQxNTUwLWRmZjMtNDc0ZS1hM2Y1LTNiYzM1NTExNTkwNy53ZWJwIiwic2NvcGUiOiJkb3dubG9hZCIsImlhdCI6MTc4Njk0OTc2MiwiZXhwIjoxOTQ0NjI5NzYyfQ.06ffDo5Is_ZvKzPz-40SO3H4bQRhG6AHzeuMmqnkgWg,,2026-08-17 06:50:56.512254+00
81988045-e5a8-4075-a82f-dc9da67bdbe6,18da094d-7bfa-4077-932c-28123cfd0912,6e2ec124-6188-4f98-b38f-daf8772941f2,5,https://ontmfbptthwipfzlywwh.supabase.co/storage/v1/object/sign/player-photos/e2166e75-67ea-4c28-a232-76b909228828.webp?token=eyJraWQiOiJzdG9yYWdlLXVybC1zaWduaW5nLWtleV9hODVlNGZkYi1iOWRjLTQ2NWUtOGNiNy0xZjRiZmY0OWJiMjciLCJhbGciOiJIUzI1NiJ9.eyJ1cmwiOiJwbGF5ZXItcGhvdG9zL2UyMTY2ZTc1LTY3ZWEtNGMyOC1hMjMyLTc2YjkwOTIyODgyOC53ZWJwIiwic2NvcGUiOiJkb3dubG9hZCIsImlhdCI6MTc4Njk0OTc5NiwiZXhwIjoxOTQ0NjI5Nzk2fQ.MHdGYQyvwcjaYOZe93a4g7JVpUIfy9vOATv8M8MOB3s,,2026-08-17 06:51:18.303886+00
da7e7447-8926-490c-8f1d-d48a20808361,18da094d-7bfa-4077-932c-28123cfd0912,ff4dbe73-7398-427b-840b-34797f52b967,26,https://ontmfbptthwipfzlywwh.supabase.co/storage/v1/object/sign/player-photos/a277b148-6d04-466e-b6e6-2fb3329f993c.webp?token=eyJraWQiOiJzdG9yYWdlLXVybC1zaWduaW5nLWtleV9hODVlNGZkYi1iOWRjLTQ2NWUtOGNiNy0xZjRiZmY0OWJiMjciLCJhbGciOiJIUzI1NiJ9.eyJ1cmwiOiJwbGF5ZXItcGhvdG9zL2EyNzdiMTQ4LTZkMDQtNDY2ZS1iNmU2LTJmYjMzMjlmOTkzYy53ZWJwIiwic2NvcGUiOiJkb3dubG9hZCIsImlhdCI6MTc4NzAyNzA0MywiZXhwIjoxOTQ0NzA3MDQzfQ.E_7kfTB746dt3EM-1bNwmUkeJGj5yONj1Ixk6pRChh0,,2026-08-18 04:21:42.99525+00
c68d994c-4856-40a1-a672-cfdd5c83cef6,18da094d-7bfa-4077-932c-28123cfd0912,84a345ea-f2c8-41ea-bf7c-4588914adf8d,6,https://ontmfbptthwipfzlywwh.supabase.co/storage/v1/object/sign/player-photos/f8690e83-ebf6-4897-8bc9-081723eae0b1.webp?token=eyJraWQiOiJzdG9yYWdlLXVybC1zaWduaW5nLWtleV9hODVlNGZkYi1iOWRjLTQ2NWUtOGNiNy0xZjRiZmY0OWJiMjciLCJhbGciOiJIUzI1NiJ9.eyJ1cmwiOiJwbGF5ZXItcGhvdG9zL2Y4NjkwZTgzLWViZjYtNDg5Ny04YmM5LTA4MTcyM2VhZTBiMS53ZWJwIiwic2NvcGUiOiJkb3dubG9hZCIsImlhdCI6MTc4NzAyNzA3NSwiZXhwIjoxOTQ0NzA3MDc1fQ.Rx4Q6Axd_BdIXGAXkw54ynhyeEPfuzFpDcM35fJgvpg,,2026-08-18 04:22:03.322421+00
2b5c1a09-1d6d-4a84-a0fd-db9c980e3431,18da094d-7bfa-4077-932c-28123cfd0912,a43eca23-1839-4d2f-9216-2b9969ec2415,7,https://ontmfbptthwipfzlywwh.supabase.co/storage/v1/object/sign/player-photos/1270ece7-ea36-474d-b706-bb6e30a46a6c.webp?token=eyJraWQiOiJzdG9yYWdlLXVybC1zaWduaW5nLWtleV9hODVlNGZkYi1iOWRjLTQ2NWUtOGNiNy0xZjRiZmY0OWJiMjciLCJhbGciOiJIUzI1NiJ9.eyJ1cmwiOiJwbGF5ZXItcGhvdG9zLzEyNzBlY2U3LWVhMzYtNDc0ZC1iNzA2LWJiNmUzMGE0NmE2Yy53ZWJwIiwic2NvcGUiOiJkb3dubG9hZCIsImlhdCI6MTc4NzAyNzEwOSwiZXhwIjoxOTQ0NzA3MTA5fQ.ZIWGjHEerGT4msWL5_BTwN9fyTBg0IEM06p3ajoUSEA,,2026-08-18 04:21:57.335315+00
273331f1-a02b-49a0-9a62-3285d480b34a,18da094d-7bfa-4077-932c-28123cfd0912,615d4849-aaca-4493-8525-6ba02527eec0,15,https://ontmfbptthwipfzlywwh.supabase.co/storage/v1/object/sign/player-photos/b447a99e-9c54-4b3c-bd3f-18cf131d4f3c.webp?token=eyJraWQiOiJzdG9yYWdlLXVybC1zaWduaW5nLWtleV9hODVlNGZkYi1iOWRjLTQ2NWUtOGNiNy0xZjRiZmY0OWJiMjciLCJhbGciOiJIUzI1NiJ9.eyJ1cmwiOiJwbGF5ZXItcGhvdG9zL2I0NDdhOTllLTljNTQtNGIzYy1iZDNmLTE4Y2YxMzFkNGYzYy53ZWJwIiwic2NvcGUiOiJkb3dubG9hZCIsImlhdCI6MTc4NzAyNzEzMSwiZXhwIjoxOTQ0NzA3MTMxfQ.khapkxYS2p3w9YV7EzFPHNhyN1o5Mkyr7VSfj_gVNZw,,2026-08-18 04:22:19.583085+00
0d5647f1-9790-4fb0-9852-dd8aac38bf62,18da094d-7bfa-4077-932c-28123cfd0912,8676d0b2-2633-4d48-baae-a9e370366845,18,https://ontmfbptthwipfzlywwh.supabase.co/storage/v1/object/sign/player-photos/63a77a51-c2a1-4df0-8181-6ffae11a98d3.webp?token=eyJraWQiOiJzdG9yYWdlLXVybC1zaWduaW5nLWtleV9hODVlNGZkYi1iOWRjLTQ2NWUtOGNiNy0xZjRiZmY0OWJiMjciLCJhbGciOiJIUzI1NiJ9.eyJ1cmwiOiJwbGF5ZXItcGhvdG9zLzYzYTc3YTUxLWMyYTEtNGRmMC04MTgxLTZmZmFlMTFhOThkMy53ZWJwIiwic2NvcGUiOiJkb3dubG9hZCIsImlhdCI6MTc4NzAyNzE2MywiZXhwIjoxOTQ0NzA3MTYzfQ.e254ajC18o9rOo_I5OrGergDdr18p4zY4HrsBXr3DbQ,,2026-08-18 04:21:36.735185+00
ddda7951-0ac1-4975-b0ab-17c6ddcc56b3,18da094d-7bfa-4077-932c-28123cfd0912,8298195f-3ebf-4178-af50-293c46788166,12,https://ontmfbptthwipfzlywwh.supabase.co/storage/v1/object/sign/player-photos/7f2d0ba7-b845-43b6-9a3a-ba52daf7d148.webp?token=eyJraWQiOiJzdG9yYWdlLXVybC1zaWduaW5nLWtleV9hODVlNGZkYi1iOWRjLTQ2NWUtOGNiNy0xZjRiZmY0OWJiMjciLCJhbGciOiJIUzI1NiJ9.eyJ1cmwiOiJwbGF5ZXItcGhvdG9zLzdmMmQwYmE3LWI4NDUtNDNiNi05YTNhLWJhNTJkYWY3ZDE0OC53ZWJwIiwic2NvcGUiOiJkb3dubG9hZCIsImlhdCI6MTc4NzAyNzE4MCwiZXhwIjoxOTQ0NzA3MTgwfQ.GX3DiQjiL-GQEDnlCxFHIzc_B1zymNIAbOU1H16PkF4,,2026-08-18 04:22:48.405013+00
d97655c3-de07-470f-b59f-bff7c4e93a39,18da094d-7bfa-4077-932c-28123cfd0912,845b41dd-88c4-4c42-84de-384698d72d34,8,https://ontmfbptthwipfzlywwh.supabase.co/storage/v1/object/sign/player-photos/07eeb848-3e1a-4e9a-bf25-3d1162437b76.webp?token=eyJraWQiOiJzdG9yYWdlLXVybC1zaWduaW5nLWtleV9hODVlNGZkYi1iOWRjLTQ2NWUtOGNiNy0xZjRiZmY0OWJiMjciLCJhbGciOiJIUzI1NiJ9.eyJ1cmwiOiJwbGF5ZXItcGhvdG9zLzA3ZWViODQ4LTNlMWEtNGU5YS1iZjI1LTNkMTE2MjQzN2I3Ni53ZWJwIiwic2NvcGUiOiJkb3dubG9hZCIsImlhdCI6MTc4NzAyNzIyMiwiZXhwIjoxOTQ0NzA3MjIyfQ.fUK-E7J3qJpejC5MjJnG8YOiHluWS4-2zyHUd7yXmxE,,2026-08-18 04:22:28.370063+00
cd967e57-e890-44fd-8bef-143fba2d8c71,18da094d-7bfa-4077-932c-28123cfd0912,4fbdf079-11c8-4f03-9f58-e1546a534a2d,23,https://ontmfbptthwipfzlywwh.supabase.co/storage/v1/object/sign/player-photos/ad4117e6-456d-4e2f-b4c9-8324c039aeb7.webp?token=eyJraWQiOiJzdG9yYWdlLXVybC1zaWduaW5nLWtleV9hODVlNGZkYi1iOWRjLTQ2NWUtOGNiNy0xZjRiZmY0OWJiMjciLCJhbGciOiJIUzI1NiJ9.eyJ1cmwiOiJwbGF5ZXItcGhvdG9zL2FkNDExN2U2LTQ1NmQtNGUyZi1iNGM5LTgzMjRjMDM5YWViNy53ZWJwIiwic2NvcGUiOiJkb3dubG9hZCIsImlhdCI6MTc4NzAyNzI1MiwiZXhwIjoxOTQ0NzA3MjUyfQ.Kak82dUonL4ATyxyif_amRJFI9fpyGsnlvFsnNRWQg8,,2026-08-18 04:22:33.972925+00
1b6b3bb4-8bd2-486e-9f02-06d567a20c64,18da094d-7bfa-4077-932c-28123cfd0912,8b69fa18-792e-4b21-85c8-acc054088396,10,https://ontmfbptthwipfzlywwh.supabase.co/storage/v1/object/sign/player-photos/ba356c9f-542b-496d-87bd-7b5754843940.webp?token=eyJraWQiOiJzdG9yYWdlLXVybC1zaWduaW5nLWtleV9hODVlNGZkYi1iOWRjLTQ2NWUtOGNiNy0xZjRiZmY0OWJiMjciLCJhbGciOiJIUzI1NiJ9.eyJ1cmwiOiJwbGF5ZXItcGhvdG9zL2JhMzU2YzlmLTU0MmItNDk2ZC04N2JkLTdiNTc1NDg0Mzk0MC53ZWJwIiwic2NvcGUiOiJkb3dubG9hZCIsImlhdCI6MTc4NzAyNzI3NiwiZXhwIjoxOTQ0NzA3Mjc2fQ.n1RrtK-JxqGfORb8ou7WmCF1w3300_oIbbfKqKAvZp8,,2026-08-18 04:22:42.454901+00
a3e38a00-5db2-401c-95eb-9cf2c4b340fa,18da094d-7bfa-4077-932c-28123cfd0912,8a1d1a7d-c8a9-4658-a3b0-a12743c6f04b,16,https://ontmfbptthwipfzlywwh.supabase.co/storage/v1/object/sign/player-photos/9b614015-000b-43f9-ad32-6bc3a1fe3c5f.webp?token=eyJraWQiOiJzdG9yYWdlLXVybC1zaWduaW5nLWtleV9hODVlNGZkYi1iOWRjLTQ2NWUtOGNiNy0xZjRiZmY0OWJiMjciLCJhbGciOiJIUzI1NiJ9.eyJ1cmwiOiJwbGF5ZXItcGhvdG9zLzliNjE0MDE1LTAwMGItNDNmOS1hZDMyLTZiYzNhMWZlM2M1Zi53ZWJwIiwic2NvcGUiOiJkb3dubG9hZCIsImlhdCI6MTc4NzAyNzI5NiwiZXhwIjoxOTQ0NzA3Mjk2fQ.uZvsdP2Qb0ZVNpr8CaoYfx70KpNid93DU98E4TdmoIY,,2026-08-18 04:21:51.097735+00
fedb1f5c-e0ec-4e54-89ed-78f5544685ea,18da094d-7bfa-4077-932c-28123cfd0912,c70bef9b-9bff-4ead-81e9-13a14ef691c9,17,https://ontmfbptthwipfzlywwh.supabase.co/storage/v1/object/sign/player-photos/abd7340a-a939-4dc9-839c-095c3884e64a.webp?token=eyJraWQiOiJzdG9yYWdlLXVybC1zaWduaW5nLWtleV9hODVlNGZkYi1iOWRjLTQ2NWUtOGNiNy0xZjRiZmY0OWJiMjciLCJhbGciOiJIUzI1NiJ9.eyJ1cmwiOiJwbGF5ZXItcGhvdG9zL2FiZDczNDBhLWE5MzktNGRjOS04MzljLTA5NWMzODg0ZTY0YS53ZWJwIiwic2NvcGUiOiJkb3dubG9hZCIsImlhdCI6MTc4NzAyNzYxNSwiZXhwIjoxOTQ0NzA3NjE1fQ.ulUAFMRKcCPUsyT0Rs3ke_jYjPvBChRXU7mEaFcYfxk,,2026-08-18 04:32:36.271127+00
e1e1e03a-b946-4959-89fb-849bb9809b62,18da094d-7bfa-4077-932c-28123cfd0912,fffa3680-98f7-4979-9be1-99b9135f1e00,9,https://ontmfbptthwipfzlywwh.supabase.co/storage/v1/object/sign/player-photos/c2280e71-b23d-4933-8558-71ab1c1e37e5.webp?token=eyJraWQiOiJzdG9yYWdlLXVybC1zaWduaW5nLWtleV9hODVlNGZkYi1iOWRjLTQ2NWUtOGNiNy0xZjRiZmY0OWJiMjciLCJhbGciOiJIUzI1NiJ9.eyJ1cmwiOiJwbGF5ZXItcGhvdG9zL2MyMjgwZTcxLWIyM2QtNDkzMy04NTU4LTcxYWIxYzFlMzdlNS53ZWJwIiwic2NvcGUiOiJkb3dubG9hZCIsImlhdCI6MTc4NzAyNzYyOSwiZXhwIjoxOTQ0NzA3NjI5fQ.L0Iw2QO0_fEfBH5rG0OOQ7oyLPrzYqB0e7IkZtmGlgY,,2026-08-18 04:32:58.302493+00
eeb48d42-803a-49af-ac9f-8fbfba056112,18da094d-7bfa-4077-932c-28123cfd0912,15754619-e8ea-46f0-9b13-072520ec494c,19,https://ontmfbptthwipfzlywwh.supabase.co/storage/v1/object/sign/player-photos/da495244-827d-4b28-8a75-8b8d51438bfa.webp?token=eyJraWQiOiJzdG9yYWdlLXVybC1zaWduaW5nLWtleV9hODVlNGZkYi1iOWRjLTQ2NWUtOGNiNy0xZjRiZmY0OWJiMjciLCJhbGciOiJIUzI1NiJ9.eyJ1cmwiOiJwbGF5ZXItcGhvdG9zL2RhNDk1MjQ0LTgyN2QtNGIyOC04YTc1LThiOGQ1MTQzOGJmYS53ZWJwIiwic2NvcGUiOiJkb3dubG9hZCIsImlhdCI6MTc4NzAyNzY0OSwiZXhwIjoxOTQ0NzA3NjQ5fQ.SKasc5ttMIg-2Sjo6xB-gyXewFf0drHnC_x8enFCBOE,,2026-08-18 04:33:04.467031+00
8f83b888-9229-4919-8b01-fac120b6d727,18da094d-7bfa-4077-932c-28123cfd0912,6921f14c-74fe-417c-a5c9-6519fec3b3a8,11,https://ontmfbptthwipfzlywwh.supabase.co/storage/v1/object/sign/player-photos/56d3bc77-ced1-476d-ac54-0f62eacc14f4.webp?token=eyJraWQiOiJzdG9yYWdlLXVybC1zaWduaW5nLWtleV9hODVlNGZkYi1iOWRjLTQ2NWUtOGNiNy0xZjRiZmY0OWJiMjciLCJhbGciOiJIUzI1NiJ9.eyJ1cmwiOiJwbGF5ZXItcGhvdG9zLzU2ZDNiYzc3LWNlZDEtNDc2ZC1hYzU0LTBmNjJlYWNjMTRmNC53ZWJwIiwic2NvcGUiOiJkb3dubG9hZCIsImlhdCI6MTc4NzAyNzY3MSwiZXhwIjoxOTQ0NzA3NjcxfQ.znE8LsWiAFFQDKAyY_tTV3VRxNHarDfq0Z3JI53NSSI,,2026-08-18 04:32:50.228651+00
1f32831a-05da-4e20-a19e-78c2189da7bf,18da094d-7bfa-4077-932c-28123cfd0912,edde0746-956c-4f50-9073-93bded800feb,20,https://ontmfbptthwipfzlywwh.supabase.co/storage/v1/object/sign/player-photos/4fa23ab1-d581-4e7a-b49b-9fa7d5faca2c.webp?token=eyJraWQiOiJzdG9yYWdlLXVybC1zaWduaW5nLWtleV9hODVlNGZkYi1iOWRjLTQ2NWUtOGNiNy0xZjRiZmY0OWJiMjciLCJhbGciOiJIUzI1NiJ9.eyJ1cmwiOiJwbGF5ZXItcGhvdG9zLzRmYTIzYWIxLWQ1ODEtNGU3YS1iNDliLTlmYTdkNWZhY2EyYy53ZWJwIiwic2NvcGUiOiJkb3dubG9hZCIsImlhdCI6MTc4NzAyNzY5MCwiZXhwIjoxOTQ0NzA3NjkwfQ.wMH1kM9e0hUm46HTxB56ODYt1ip0lgrHNofUh37TZDY,,2026-08-18 04:32:43.806936+00
dab334df-7e6e-42db-abe4-76ccfc4fc946,5087f15f-2ab8-4f32-9d52-cdec449664b1,25caa895-5904-4a10-977a-048f14a982ac,,https://ontmfbptthwipfzlywwh.supabase.co/storage/v1/object/sign/player-photos/0a72c8f8-c98a-4641-85c3-73dcf5239a8f.jpeg?token=eyJraWQiOiJzdG9yYWdlLXVybC1zaWduaW5nLWtleV9hODVlNGZkYi1iOWRjLTQ2NWUtOGNiNy0xZjRiZmY0OWJiMjciLCJhbGciOiJIUzI1NiJ9.eyJ1cmwiOiJwbGF5ZXItcGhvdG9zLzBhNzJjOGY4LWM5OGEtNDY0MS04NWMzLTczZGNmNTIzOWE4Zi5qcGVnIiwic2NvcGUiOiJkb3dubG9hZCIsImlhdCI6MTc4NzEwOTEzOSwiZXhwIjoxOTQ0Nzg5MTM5fQ.9Qm6BUfhR9nWEc8MPcJdwLjGEHY31LhTAtn3fgXPIxk,,2026-08-17 00:02:39.903788+00
38ca5267-6ec8-40e8-8786-5b2b304453fc,5087f15f-2ab8-4f32-9d52-cdec449664b1,740e4cb7-7406-4b37-b3c1-cfb76cad65dc,,https://ontmfbptthwipfzlywwh.supabase.co/storage/v1/object/sign/player-photos/45402870-f2eb-4625-8654-26e9cb3b8097.png?token=eyJraWQiOiJzdG9yYWdlLXVybC1zaWduaW5nLWtleV9hODVlNGZkYi1iOWRjLTQ2NWUtOGNiNy0xZjRiZmY0OWJiMjciLCJhbGciOiJIUzI1NiJ9.eyJ1cmwiOiJwbGF5ZXItcGhvdG9zLzQ1NDAyODcwLWYyZWItNDYyNS04NjU0LTI2ZTljYjNiODA5Ny5wbmciLCJzY29wZSI6ImRvd25sb2FkIiwiaWF0IjoxNzg3MTA5MTkyLCJleHAiOjE5NDQ3ODkxOTJ9.PNILibS-GCdcOGl0GA1Kte6i2REtPfnPDLktEyQalD0,,2026-08-17 00:03:30.073216+00
abc97b75-7383-4353-8a0a-7a0a30c740fd,5087f15f-2ab8-4f32-9d52-cdec449664b1,631c9df4-be14-4b26-9a66-eda9e36de560,,https://ontmfbptthwipfzlywwh.supabase.co/storage/v1/object/sign/player-photos/51d37f61-07e6-456e-9254-0f49f625500d.png?token=eyJraWQiOiJzdG9yYWdlLXVybC1zaWduaW5nLWtleV9hODVlNGZkYi1iOWRjLTQ2NWUtOGNiNy0xZjRiZmY0OWJiMjciLCJhbGciOiJIUzI1NiJ9.eyJ1cmwiOiJwbGF5ZXItcGhvdG9zLzUxZDM3ZjYxLTA3ZTYtNDU2ZS05MjU0LTBmNDlmNjI1NTAwZC5wbmciLCJzY29wZSI6ImRvd25sb2FkIiwiaWF0IjoxNzg3MTA5MjY1LCJleHAiOjE5NDQ3ODkyNjV9.IMyvGcbIqlmTRah-wK8GcF5Edu7Q5oR-94ESt_GSs6c,,2026-08-19 03:08:24.056481+00
f5236929-62c4-483a-8647-07326dc5dc84,5087f15f-2ab8-4f32-9d52-cdec449664b1,f376a8cf-068a-4f8e-8fb4-9db1b64c97d2,,https://ontmfbptthwipfzlywwh.supabase.co/storage/v1/object/sign/player-photos/92a09172-54c8-47bc-bf3f-c508ef056f77.png?token=eyJraWQiOiJzdG9yYWdlLXVybC1zaWduaW5nLWtleV9hODVlNGZkYi1iOWRjLTQ2NWUtOGNiNy0xZjRiZmY0OWJiMjciLCJhbGciOiJIUzI1NiJ9.eyJ1cmwiOiJwbGF5ZXItcGhvdG9zLzkyYTA5MTcyLTU0YzgtNDdiYy1iZjNmLWM1MDhlZjA1NmY3Ny5wbmciLCJzY29wZSI6ImRvd25sb2FkIiwiaWF0IjoxNzg3MTA5NTE5LCJleHAiOjE5NDQ3ODk1MTl9.-yMCMmI0kZQNNXhZL6U27hv8MFnDy0o9hiZsxH9bRhQ,,2026-08-17 00:04:27.274595+00
54fd1667-3cb2-41cc-8279-f9ccb03d7751,5087f15f-2ab8-4f32-9d52-cdec449664b1,c8be42b9-01f2-43b5-94b4-7c923c8ecd64,,https://ontmfbptthwipfzlywwh.supabase.co/storage/v1/object/sign/player-photos/12d37f38-43b7-41a4-a1f3-e490135f8ba3.jpeg?token=eyJraWQiOiJzdG9yYWdlLXVybC1zaWduaW5nLWtleV9hODVlNGZkYi1iOWRjLTQ2NWUtOGNiNy0xZjRiZmY0OWJiMjciLCJhbGciOiJIUzI1NiJ9.eyJ1cmwiOiJwbGF5ZXItcGhvdG9zLzEyZDM3ZjM4LTQzYjctNDFhNC1hMWYzLWU0OTAxMzVmOGJhMy5qcGVnIiwic2NvcGUiOiJkb3dubG9hZCIsImlhdCI6MTc4NzEwOTY4MywiZXhwIjoxOTQ0Nzg5NjgzfQ.q1s6VoN-hm3Wwatmgr2no2c5zgEBbWN_2s56na7-dIM,,2026-08-17 00:04:05.831462+00
06ec61e1-e7fd-4fa9-9aa5-318460909d6b,5087f15f-2ab8-4f32-9d52-cdec449664b1,7d618e28-116c-477b-b779-8987b9eaf91e,,https://ontmfbptthwipfzlywwh.supabase.co/storage/v1/object/sign/player-photos/636373b7-5491-49ec-8223-baf78a089567.png?token=eyJraWQiOiJzdG9yYWdlLXVybC1zaWduaW5nLWtleV9hODVlNGZkYi1iOWRjLTQ2NWUtOGNiNy0xZjRiZmY0OWJiMjciLCJhbGciOiJIUzI1NiJ9.eyJ1cmwiOiJwbGF5ZXItcGhvdG9zLzYzNjM3M2I3LTU0OTEtNDllYy04MjIzLWJhZjc4YTA4OTU2Ny5wbmciLCJzY29wZSI6ImRvd25sb2FkIiwiaWF0IjoxNzg3MTA5NzI4LCJleHAiOjE5NDQ3ODk3Mjh9.iMvbA2B8IWVTX8541w7L55DTbzI2OZEUFMZVIUkiznY,,2026-08-17 00:02:47.551649+00
93f6feb1-3683-4c81-9815-0a51d23c0b51,5087f15f-2ab8-4f32-9d52-cdec449664b1,703f4a74-5637-4c5b-9988-5e73c077e3c9,,https://ontmfbptthwipfzlywwh.supabase.co/storage/v1/object/sign/player-photos/426bd186-70e6-45a6-a6f6-ff6e666ea022.png?token=eyJraWQiOiJzdG9yYWdlLXVybC1zaWduaW5nLWtleV9hODVlNGZkYi1iOWRjLTQ2NWUtOGNiNy0xZjRiZmY0OWJiMjciLCJhbGciOiJIUzI1NiJ9.eyJ1cmwiOiJwbGF5ZXItcGhvdG9zLzQyNmJkMTg2LTcwZTYtNDVhNi1hNmY2LWZmNmU2NjZlYTAyMi5wbmciLCJzY29wZSI6ImRvd25sb2FkIiwiaWF0IjoxNzg3MTEwMTQ2LCJleHAiOjE5NDQ3OTAxNDZ9.j-pjoFASmZwacT6jODtKSf6Iacd1etr5s2NPp0-3Ebo,,2026-08-17 00:07:22.224468+00
1edf43bb-e303-4a04-98be-973dee3a58cc,5087f15f-2ab8-4f32-9d52-cdec449664b1,c06d55d7-1155-47d9-bc12-e9dea3bffa5e,,https://ontmfbptthwipfzlywwh.supabase.co/storage/v1/object/sign/player-photos/e58a5cac-b00f-4ac7-bbd3-2fbf5ea01bd7.jpeg?token=eyJraWQiOiJzdG9yYWdlLXVybC1zaWduaW5nLWtleV9hODVlNGZkYi1iOWRjLTQ2NWUtOGNiNy0xZjRiZmY0OWJiMjciLCJhbGciOiJIUzI1NiJ9.eyJ1cmwiOiJwbGF5ZXItcGhvdG9zL2U1OGE1Y2FjLWIwMGYtNGFjNy1iYmQzLTJmYmY1ZWEwMWJkNy5qcGVnIiwic2NvcGUiOiJkb3dubG9hZCIsImlhdCI6MTc4NzExMDQxMCwiZXhwIjoxOTQ0NzkwNDEwfQ.Ax-9tR7a2TsNGePkM3FfrTL0JW1d8tjs5evqWR0rs7U,,2026-08-17 00:04:50.747469+00
1925f55b-5883-436c-8dbe-0590931651c9,5087f15f-2ab8-4f32-9d52-cdec449664b1,4811d6c3-c972-4194-bc8b-a4e2b18a052a,,https://ontmfbptthwipfzlywwh.supabase.co/storage/v1/object/sign/player-photos/1e427b09-aab7-45aa-b634-7a56f3fff5e1.jpeg?token=eyJraWQiOiJzdG9yYWdlLXVybC1zaWduaW5nLWtleV9hODVlNGZkYi1iOWRjLTQ2NWUtOGNiNy0xZjRiZmY0OWJiMjciLCJhbGciOiJIUzI1NiJ9.eyJ1cmwiOiJwbGF5ZXItcGhvdG9zLzFlNDI3YjA5LWFhYjctNDVhYS1iNjM0LTdhNTZmM2ZmZjVlMS5qcGVnIiwic2NvcGUiOiJkb3dubG9hZCIsImlhdCI6MTc4NzExMDQ4MSwiZXhwIjoxOTQ0NzkwNDgxfQ.gP0O-k7ymD8RZOi-tGDpa_wCNwzOtyzbzBVL5m26FK4,,2026-08-19 03:07:30.563389+00
a1ece246-7578-438a-abad-a219d0f498c5,5087f15f-2ab8-4f32-9d52-cdec449664b1,bf31b5e0-4ab5-4247-b4a9-4ead985c0365,,https://ontmfbptthwipfzlywwh.supabase.co/storage/v1/object/sign/player-photos/6ce0bcb7-3569-4db4-9519-98099a84db30.jpeg?token=eyJraWQiOiJzdG9yYWdlLXVybC1zaWduaW5nLWtleV9hODVlNGZkYi1iOWRjLTQ2NWUtOGNiNy0xZjRiZmY0OWJiMjciLCJhbGciOiJIUzI1NiJ9.eyJ1cmwiOiJwbGF5ZXItcGhvdG9zLzZjZTBiY2I3LTM1NjktNGRiNC05NTE5LTk4MDk5YTg0ZGIzMC5qcGVnIiwic2NvcGUiOiJkb3dubG9hZCIsImlhdCI6MTc4NzExMDU4NCwiZXhwIjoxOTQ0NzkwNTg0fQ.QB_YNF-fdfU-cv13K1-IUrwhG7WDscHOTj7kDjeptGQ,,2026-08-17 00:07:36.361925+00
d769c17e-28ce-4441-b4b9-577724e94a6d,5087f15f-2ab8-4f32-9d52-cdec449664b1,6b5e76b5-50da-47c0-abad-066c94219523,,https://ontmfbptthwipfzlywwh.supabase.co/storage/v1/object/sign/player-photos/63b78864-99f5-4ca7-b09d-8caf75c6deb1.jpeg?token=eyJraWQiOiJzdG9yYWdlLXVybC1zaWduaW5nLWtleV9hODVlNGZkYi1iOWRjLTQ2NWUtOGNiNy0xZjRiZmY0OWJiMjciLCJhbGciOiJIUzI1NiJ9.eyJ1cmwiOiJwbGF5ZXItcGhvdG9zLzYzYjc4ODY0LTk5ZjUtNGNhNy1iMDlkLThjYWY3NWM2ZGViMS5qcGVnIiwic2NvcGUiOiJkb3dubG9hZCIsImlhdCI6MTc4NzExMDU2OSwiZXhwIjoxOTQ0NzkwNTY5fQ.ondCw-0gWplgutzmIq1k1-1sMJwbj4iyMgigs54a3A4,,2026-08-17 00:06:48.68154+00
ac0e0cf5-1498-4394-918e-ae1423eea7a8,5087f15f-2ab8-4f32-9d52-cdec449664b1,73ef0e77-b09e-45c1-8636-0d6ee8d6db6d,,https://ontmfbptthwipfzlywwh.supabase.co/storage/v1/object/sign/player-photos/f2d92d4f-32cc-4355-8fac-72d36201b589.png?token=eyJraWQiOiJzdG9yYWdlLXVybC1zaWduaW5nLWtleV9hODVlNGZkYi1iOWRjLTQ2NWUtOGNiNy0xZjRiZmY0OWJiMjciLCJhbGciOiJIUzI1NiJ9.eyJ1cmwiOiJwbGF5ZXItcGhvdG9zL2YyZDkyZDRmLTMyY2MtNDM1NS04ZmFjLTcyZDM2MjAxYjU4OS5wbmciLCJzY29wZSI6ImRvd25sb2FkIiwiaWF0IjoxNzg3MTEwNjE4LCJleHAiOjE5NDQ3OTA2MTh9.pQNtcm89HakHWWZSXp06bEi77pfIQ7WRolJwDZUAZ4w,,2026-08-19 03:07:36.017461+00
ecca4292-5eda-4151-8fbb-0b828a0aef24,5087f15f-2ab8-4f32-9d52-cdec449664b1,8399f0ab-4929-4eb1-b07b-e0324bbf602f,,https://ontmfbptthwipfzlywwh.supabase.co/storage/v1/object/sign/player-photos/9c84c167-94bc-4e25-8f41-3091f9710d49.jpeg?token=eyJraWQiOiJzdG9yYWdlLXVybC1zaWduaW5nLWtleV9hODVlNGZkYi1iOWRjLTQ2NWUtOGNiNy0xZjRiZmY0OWJiMjciLCJhbGciOiJIUzI1NiJ9.eyJ1cmwiOiJwbGF5ZXItcGhvdG9zLzljODRjMTY3LTk0YmMtNGUyNS04ZjQxLTMwOTFmOTcxMGQ0OS5qcGVnIiwic2NvcGUiOiJkb3dubG9hZCIsImlhdCI6MTc4NzExMTUxMiwiZXhwIjoxOTQ0NzkxNTEyfQ.fn-QyWMjcpNyYpBZXTPfiA8-AyNDYwbspZ6hZ2vhxMw,,2026-08-17 00:07:02.597768+00
03cfddeb-654c-4c17-a4a6-efefc015b418,5087f15f-2ab8-4f32-9d52-cdec449664b1,99196a9e-181e-4b4e-8a4c-02ca3e967cf7,,https://ontmfbptthwipfzlywwh.supabase.co/storage/v1/object/sign/player-photos/4a3dd803-d14b-48ee-ad4f-13eabae7d6dd.jpeg?token=eyJraWQiOiJzdG9yYWdlLXVybC1zaWduaW5nLWtleV9hODVlNGZkYi1iOWRjLTQ2NWUtOGNiNy0xZjRiZmY0OWJiMjciLCJhbGciOiJIUzI1NiJ9.eyJ1cmwiOiJwbGF5ZXItcGhvdG9zLzRhM2RkODAzLWQxNGItNDhlZS1hZDRmLTEzZWFiYWU3ZDZkZC5qcGVnIiwic2NvcGUiOiJkb3dubG9hZCIsImlhdCI6MTc4NzExMTczMiwiZXhwIjoxOTQ0NzkxNzMyfQ.RNXogqbH2_qdbT0rGNpJflTvCtuLM_yTXA4fUyODyaM,,2026-08-17 00:09:10.798297+00
2a772494-b72f-46c7-9aed-45805c378e4a,5087f15f-2ab8-4f32-9d52-cdec449664b1,d55ea43f-7d32-482c-afd5-84350d9823d0,,https://ontmfbptthwipfzlywwh.supabase.co/storage/v1/object/sign/player-photos/9fec2bd7-e4b1-4adc-9049-98fe670e0998.jpeg?token=eyJraWQiOiJzdG9yYWdlLXVybC1zaWduaW5nLWtleV9hODVlNGZkYi1iOWRjLTQ2NWUtOGNiNy0xZjRiZmY0OWJiMjciLCJhbGciOiJIUzI1NiJ9.eyJ1cmwiOiJwbGF5ZXItcGhvdG9zLzlmZWMyYmQ3LWU0YjEtNGFkYy05MDQ5LTk4ZmU2NzBlMDk5OC5qcGVnIiwic2NvcGUiOiJkb3dubG9hZCIsImlhdCI6MTc4NzExMTc2OCwiZXhwIjoxOTQ0NzkxNzY4fQ.vpzKTRfXVu1G6AyMnLUeZzemIw2QIyRWCTFdWFfjKLY,,2026-08-17 00:08:12.467641+00
884acc81-2444-4ac7-a5f3-a91e371d302c,5087f15f-2ab8-4f32-9d52-cdec449664b1,0626d6b0-0f55-44db-b3ad-b3927c4fea31,,https://ontmfbptthwipfzlywwh.supabase.co/storage/v1/object/sign/player-photos/816337ba-462b-408f-844e-5fa8feb35803.jpeg?token=eyJraWQiOiJzdG9yYWdlLXVybC1zaWduaW5nLWtleV9hODVlNGZkYi1iOWRjLTQ2NWUtOGNiNy0xZjRiZmY0OWJiMjciLCJhbGciOiJIUzI1NiJ9.eyJ1cmwiOiJwbGF5ZXItcGhvdG9zLzgxNjMzN2JhLTQ2MmItNDA4Zi04NDRlLTVmYThmZWIzNTgwMy5qcGVnIiwic2NvcGUiOiJkb3dubG9hZCIsImlhdCI6MTc4NzExMjEzNSwiZXhwIjoxOTQ0NzkyMTM1fQ.shaSHYdSDUhNVoByJzDUmXCpmxzWn94F-rR4t8cEaXU,,2026-08-17 00:06:37.311185+00
727643b1-9e33-4bf0-9a3d-54f458a42abd,5087f15f-2ab8-4f32-9d52-cdec449664b1,2a7c9494-a5c3-462f-8af0-7dea24c04a78,,https://ontmfbptthwipfzlywwh.supabase.co/storage/v1/object/sign/player-photos/93903867-6034-4417-b64a-f3d65746b0fc.jpeg?token=eyJraWQiOiJzdG9yYWdlLXVybC1zaWduaW5nLWtleV9hODVlNGZkYi1iOWRjLTQ2NWUtOGNiNy0xZjRiZmY0OWJiMjciLCJhbGciOiJIUzI1NiJ9.eyJ1cmwiOiJwbGF5ZXItcGhvdG9zLzkzOTAzODY3LTYwMzQtNDQxNy1iNjRhLWYzZDY1NzQ2YjBmYy5qcGVnIiwic2NvcGUiOiJkb3dubG9hZCIsImlhdCI6MTc4NzExMjE1MCwiZXhwIjoxOTQ0NzkyMTUwfQ.gGDh40f1E0-dziwdYiZ8avnEsYsnkHI1G0HTqkbNRrU,,2026-08-17 00:04:20.212671+00
776ee0d5-cd18-4e17-8dd7-20d06aac7fe7,5087f15f-2ab8-4f32-9d52-cdec449664b1,1c78889f-2466-4256-b6e6-1e1904aaee58,,https://ontmfbptthwipfzlywwh.supabase.co/storage/v1/object/sign/player-photos/49b9b440-dba9-4d8a-9b98-0df64e88dbf3.jpeg?token=eyJraWQiOiJzdG9yYWdlLXVybC1zaWduaW5nLWtleV9hODVlNGZkYi1iOWRjLTQ2NWUtOGNiNy0xZjRiZmY0OWJiMjciLCJhbGciOiJIUzI1NiJ9.eyJ1cmwiOiJwbGF5ZXItcGhvdG9zLzQ5YjliNDQwLWRiYTktNGQ4YS05Yjk4LTBkZjY0ZTg4ZGJmMy5qcGVnIiwic2NvcGUiOiJkb3dubG9hZCIsImlhdCI6MTc4NzExMjE2NywiZXhwIjoxOTQ0NzkyMTY3fQ.A5x1l_JOgbnsUqD-Ob6mC6zw7p5lIU6NR56SiWw9nYw,,2026-08-17 00:02:35.447671+00
de5dae45-b898-4099-82e3-2ee9d9b9f454,5087f15f-2ab8-4f32-9d52-cdec449664b1,0a0dce86-75cb-408c-96f9-01f85cff9c22,,https://ontmfbptthwipfzlywwh.supabase.co/storage/v1/object/sign/player-photos/e9aa447d-920f-4829-a956-2ffc241742e5.jpeg?token=eyJraWQiOiJzdG9yYWdlLXVybC1zaWduaW5nLWtleV9hODVlNGZkYi1iOWRjLTQ2NWUtOGNiNy0xZjRiZmY0OWJiMjciLCJhbGciOiJIUzI1NiJ9.eyJ1cmwiOiJwbGF5ZXItcGhvdG9zL2U5YWE0NDdkLTkyMGYtNDgyOS1hOTU2LTJmZmMyNDE3NDJlNS5qcGVnIiwic2NvcGUiOiJkb3dubG9hZCIsImlhdCI6MTc4NzE5OTMzNCwiZXhwIjoxOTQ0ODc5MzM0fQ.suu8Gk9gk31BUzS_bkkR9CH6borEBUCRAIbGJa56sBw,,2026-08-17 00:05:08.71769+00
a7fe10cf-7df7-4a47-9bcc-b8fab3500598,5087f15f-2ab8-4f32-9d52-cdec449664b1,95edfade-c364-402e-8ccd-bb82329b717d,,https://ontmfbptthwipfzlywwh.supabase.co/storage/v1/object/sign/player-photos/9ac2a8ec-1e0a-49fe-a7b1-dfc9fca96b93.jpeg?token=eyJraWQiOiJzdG9yYWdlLXVybC1zaWduaW5nLWtleV9hODVlNGZkYi1iOWRjLTQ2NWUtOGNiNy0xZjRiZmY0OWJiMjciLCJhbGciOiJIUzI1NiJ9.eyJ1cmwiOiJwbGF5ZXItcGhvdG9zLzlhYzJhOGVjLTFlMGEtNDlmZS1hN2IxLWRmYzlmY2E5NmI5My5qcGVnIiwic2NvcGUiOiJkb3dubG9hZCIsImlhdCI6MTc4NzE5OTQyNywiZXhwIjoxOTQ0ODc5NDI3fQ.PDC696OTqh7UhI3kWoxYMFcM8TiWdmsG4C3U24lKWEQ,,2026-08-17 00:05:16.047835+00
771be161-cad4-463a-a62f-e67024e35563,5087f15f-2ab8-4f32-9d52-cdec449664b1,1b5ac651-11c7-4995-8ed6-6a383e425c63,,https://ontmfbptthwipfzlywwh.supabase.co/storage/v1/object/sign/player-photos/fc868f9c-5329-44a6-9d61-a740709c7240.jpeg?token=eyJraWQiOiJzdG9yYWdlLXVybC1zaWduaW5nLWtleV9hODVlNGZkYi1iOWRjLTQ2NWUtOGNiNy0xZjRiZmY0OWJiMjciLCJhbGciOiJIUzI1NiJ9.eyJ1cmwiOiJwbGF5ZXItcGhvdG9zL2ZjODY4ZjljLTUzMjktNDRhNi05ZDYxLWE3NDA3MDljNzI0MC5qcGVnIiwic2NvcGUiOiJkb3dubG9hZCIsImlhdCI6MTc4NzE5OTQ3MSwiZXhwIjoxOTQ0ODc5NDcxfQ.EUnMDBMxo4GynwmIwfqcL4fO8HMOhgKfon-pZyL9Pwg,,2026-08-17 00:21:26.858344+00
881af82a-e26b-4891-a093-5c17903144d5,5087f15f-2ab8-4f32-9d52-cdec449664b1,aabbf15b-2637-4ebe-b22d-0ce514480cb7,,https://ontmfbptthwipfzlywwh.supabase.co/storage/v1/object/sign/player-photos/d832e8b0-f615-44ab-85d5-92ccbce556cb.png?token=eyJraWQiOiJzdG9yYWdlLXVybC1zaWduaW5nLWtleV9hODVlNGZkYi1iOWRjLTQ2NWUtOGNiNy0xZjRiZmY0OWJiMjciLCJhbGciOiJIUzI1NiJ9.eyJ1cmwiOiJwbGF5ZXItcGhvdG9zL2Q4MzJlOGIwLWY2MTUtNDRhYi04NWQ1LTkyY2NiY2U1NTZjYi5wbmciLCJzY29wZSI6ImRvd25sb2FkIiwiaWF0IjoxNzg3Mjc3OTkzLCJleHAiOjE5NDQ5NTc5OTN9.FJR8-Ynv68udEH5Ewjdt_dl0MFtrMwZj9GgqTXfI3Zk,,2026-08-16 21:58:11.438455+00
c5ea04fd-976c-4710-96a6-543436a68ee0,5087f15f-2ab8-4f32-9d52-cdec449664b1,f5f92199-d8c7-44ea-939e-fa50a4d90a91,,https://ontmfbptthwipfzlywwh.supabase.co/storage/v1/object/sign/player-photos/c181a01c-9cb7-4ec1-a7eb-2e9103babf3b.png?token=eyJraWQiOiJzdG9yYWdlLXVybC1zaWduaW5nLWtleV9hODVlNGZkYi1iOWRjLTQ2NWUtOGNiNy0xZjRiZmY0OWJiMjciLCJhbGciOiJIUzI1NiJ9.eyJ1cmwiOiJwbGF5ZXItcGhvdG9zL2MxODFhMDFjLTljYjctNGVjMS1hN2ViLTJlOTEwM2JhYmYzYi5wbmciLCJzY29wZSI6ImRvd25sb2FkIiwiaWF0IjoxNzg3Mjc4MTAwLCJleHAiOjE5NDQ5NTgxMDB9.5qk1weFun4BoXgRQjNYlupH85WrWp6c5UqNJPCMRxO0,,2026-08-17 00:09:25.193183+00
741d100e-f30a-4631-a995-7d93f9d18a1f,5087f15f-2ab8-4f32-9d52-cdec449664b1,e3a8d897-b70c-487f-888d-082ccff5bcfe,,https://ontmfbptthwipfzlywwh.supabase.co/storage/v1/object/sign/player-photos/f14784ff-3c39-4027-86e1-dc7a80cccedd.jpeg?token=eyJraWQiOiJzdG9yYWdlLXVybC1zaWduaW5nLWtleV9hODVlNGZkYi1iOWRjLTQ2NWUtOGNiNy0xZjRiZmY0OWJiMjciLCJhbGciOiJIUzI1NiJ9.eyJ1cmwiOiJwbGF5ZXItcGhvdG9zL2YxNDc4NGZmLTNjMzktNDAyNy04NmUxLWRjN2E4MGNjY2VkZC5qcGVnIiwic2NvcGUiOiJkb3dubG9hZCIsImlhdCI6MTc4NzI3ODMwMSwiZXhwIjoxOTQ0OTU4MzAxfQ.CTbnZvvGO8uIt8-hsYPq3hWkU-Hk0o3BslxjC4clCuw,,2026-08-17 00:08:45.189979+00
77be5b15-40fc-435a-b9fa-259890f888ad,5087f15f-2ab8-4f32-9d52-cdec449664b1,a7d97510-bf16-491c-8097-7ce4476267fe,,https://ontmfbptthwipfzlywwh.supabase.co/storage/v1/object/sign/player-photos/caf1d95f-1d5f-465c-b3b7-c41f6e3a22b0.jpeg?token=eyJraWQiOiJzdG9yYWdlLXVybC1zaWduaW5nLWtleV9hODVlNGZkYi1iOWRjLTQ2NWUtOGNiNy0xZjRiZmY0OWJiMjciLCJhbGciOiJIUzI1NiJ9.eyJ1cmwiOiJwbGF5ZXItcGhvdG9zL2NhZjFkOTVmLTFkNWYtNDY1Yy1iM2I3LWM0MWY2ZTNhMjJiMC5qcGVnIiwic2NvcGUiOiJkb3dubG9hZCIsImlhdCI6MTc4NzI3ODMxNSwiZXhwIjoxOTQ0OTU4MzE1fQ.MbX3rKFeGZG5PXPwXOb1PWeZJfCMPBZhXR-DTJfRkLA,,2026-08-17 00:08:51.426192+00
0ade8720-7a3b-42c8-aa78-286294d7b7ff,5087f15f-2ab8-4f32-9d52-cdec449664b1,9f12ff61-8e53-4bfe-bcb8-30ce0b28a5d2,,https://ontmfbptthwipfzlywwh.supabase.co/storage/v1/object/sign/player-photos/2d05cdca-1365-445a-af4d-cf9762e65f34.png?token=eyJraWQiOiJzdG9yYWdlLXVybC1zaWduaW5nLWtleV9hODVlNGZkYi1iOWRjLTQ2NWUtOGNiNy0xZjRiZmY0OWJiMjciLCJhbGciOiJIUzI1NiJ9.eyJ1cmwiOiJwbGF5ZXItcGhvdG9zLzJkMDVjZGNhLTEzNjUtNDQ1YS1hZjRkLWNmOTc2MmU2NWYzNC5wbmciLCJzY29wZSI6ImRvd25sb2FkIiwiaWF0IjoxNzg3Mjc4MzI1LCJleHAiOjE5NDQ5NTgzMjV9.K64Gy0M27-jDLkiaX6QODxQuSk1WoTXXy2yVXft9gUM,,2026-08-17 00:06:31.407242+00
79706180-704b-4013-ad18-7b1cd0ff9f51,5087f15f-2ab8-4f32-9d52-cdec449664b1,b445f275-8417-46a0-8955-4a5cb721e7f4,,https://ontmfbptthwipfzlywwh.supabase.co/storage/v1/object/sign/player-photos/0e369bf4-876e-4c13-b0d2-8d838f08cba3.png?token=eyJraWQiOiJzdG9yYWdlLXVybC1zaWduaW5nLWtleV9hODVlNGZkYi1iOWRjLTQ2NWUtOGNiNy0xZjRiZmY0OWJiMjciLCJhbGciOiJIUzI1NiJ9.eyJ1cmwiOiJwbGF5ZXItcGhvdG9zLzBlMzY5YmY0LTg3NmUtNGMxMy1iMGQyLThkODM4ZjA4Y2JhMy5wbmciLCJzY29wZSI6ImRvd25sb2FkIiwiaWF0IjoxNzg3Mjc4MzQxLCJleHAiOjE5NDQ5NTgzNDF9.n1FyHs8Xu_Zp28jXXM6RC5E5HEc1OMk8BxA8742w8vk,,2026-08-17 00:07:15.984054+00
587986d7-d752-4cc3-9e7c-37f215b95293,5087f15f-2ab8-4f32-9d52-cdec449664b1,6c53b429-a6b8-442d-8040-038b8903409b,,https://ontmfbptthwipfzlywwh.supabase.co/storage/v1/object/sign/player-photos/245c35a7-8f40-467a-8abb-67349f842693.jpeg?token=eyJraWQiOiJzdG9yYWdlLXVybC1zaWduaW5nLWtleV9hODVlNGZkYi1iOWRjLTQ2NWUtOGNiNy0xZjRiZmY0OWJiMjciLCJhbGciOiJIUzI1NiJ9.eyJ1cmwiOiJwbGF5ZXItcGhvdG9zLzI0NWMzNWE3LThmNDAtNDY3YS04YWJiLTY3MzQ5Zjg0MjY5My5qcGVnIiwic2NvcGUiOiJkb3dubG9hZCIsImlhdCI6MTc4NzI3ODczOSwiZXhwIjoxOTQ0OTU4NzM5fQ.KdCy4srBhOojSua9pMG5iDpqSV9FPtFAjdhCx7s7YFA,,2026-08-17 00:07:29.875179+00
d3725132-3c05-4b8c-a996-c9b8b6cec343,5087f15f-2ab8-4f32-9d52-cdec449664b1,4a5e3a79-7707-4d40-a44f-a335bae57171,,https://ontmfbptthwipfzlywwh.supabase.co/storage/v1/object/sign/player-photos/e371a761-b925-44e5-a36f-fef0b85d1494.jpeg?token=eyJraWQiOiJzdG9yYWdlLXVybC1zaWduaW5nLWtleV9hODVlNGZkYi1iOWRjLTQ2NWUtOGNiNy0xZjRiZmY0OWJiMjciLCJhbGciOiJIUzI1NiJ9.eyJ1cmwiOiJwbGF5ZXItcGhvdG9zL2UzNzFhNzYxLWI5MjUtNDRlNS1hMzZmLWZlZjBiODVkMTQ5NC5qcGVnIiwic2NvcGUiOiJkb3dubG9hZCIsImlhdCI6MTc4NzI3ODgxOCwiZXhwIjoxOTQ0OTU4ODE4fQ.7_9gOXkkjce1_Ajf4-ZBcqs2m5CGiPYWzXHo6NPGh7w,,2026-08-17 00:08:22.906804+00
718886f2-703e-4a73-b024-679ce590e5d8,5087f15f-2ab8-4f32-9d52-cdec449664b1,ef05230b-ca35-4a79-af41-aa0ca3d25f94,,https://ontmfbptthwipfzlywwh.supabase.co/storage/v1/object/sign/player-photos/28563ab3-ed93-4279-9bc8-1b0afa0a59d4.jpeg?token=eyJraWQiOiJzdG9yYWdlLXVybC1zaWduaW5nLWtleV9hODVlNGZkYi1iOWRjLTQ2NWUtOGNiNy0xZjRiZmY0OWJiMjciLCJhbGciOiJIUzI1NiJ9.eyJ1cmwiOiJwbGF5ZXItcGhvdG9zLzI4NTYzYWIzLWVkOTMtNDI3OS05YmM4LTFiMGFmYTBhNTlkNC5qcGVnIiwic2NvcGUiOiJkb3dubG9hZCIsImlhdCI6MTc4NzI3ODkzOCwiZXhwIjoxOTQ0OTU4OTM4fQ.w2MB_NGkku4fj_mxs4GSJFcdd4OqDNAj8D9hORnK2Ow,,2026-08-17 00:09:01.267025+00
c4bf9cf7-5e65-4bf4-9921-236b0949acd6,5087f15f-2ab8-4f32-9d52-cdec449664b1,3c1e048c-b385-4bd3-b6e4-a8dc9c992b15,,https://ontmfbptthwipfzlywwh.supabase.co/storage/v1/object/sign/player-photos/dd0e0c63-966a-4920-b8f6-4426cd9f9614.jpeg?token=eyJraWQiOiJzdG9yYWdlLXVybC1zaWduaW5nLWtleV9hODVlNGZkYi1iOWRjLTQ2NWUtOGNiNy0xZjRiZmY0OWJiMjciLCJhbGciOiJIUzI1NiJ9.eyJ1cmwiOiJwbGF5ZXItcGhvdG9zL2RkMGUwYzYzLTk2NmEtNDkyMC1iOGY2LTQ0MjZjZDlmOTYxNC5qcGVnIiwic2NvcGUiOiJkb3dubG9hZCIsImlhdCI6MTc4NzI3OTAxNiwiZXhwIjoxOTQ0OTU5MDE2fQ.9qm6eA6MwIWsJmpH7GmrCtP174I3j1K8ZIS5vPL0wug,,2026-08-17 00:09:16.638824+00
