id,slug,title,cover_url,body_markdown,excerpt,author_display,published_at,created_at,updated_at,team_id,competition_id,player_id,title_ar,excerpt_ar,body_markdown_ar
9d30aeb6-362a-4073-a83a-17f1f432d2b7,kuwait-ministry-of-interior-football-team-announces-training-for-2026-27-season,Kuwait Ministry of Interior Football Team Announces Training for 2026–27 Season,https://ontmfbptthwipfzlywwh.supabase.co/storage/v1/object/sign/news-covers/ccb12507-10d4-4462-af5c-79cd20d83ef8.jpeg?token=eyJraWQiOiJzdG9yYWdlLXVybC1zaWduaW5nLWtleV9hODVlNGZkYi1iOWRjLTQ2NWUtOGNiNy0xZjRiZmY0OWJiMjciLCJhbGciOiJIUzI1NiJ9.eyJ1cmwiOiJuZXdzLWNvdmVycy9jY2IxMjUwNy0xMGQ0LTQ0NjItYWY1Yy03OWNkMjBkODNlZjguanBlZyIsInNjb3BlIjoiZG93bmxvYWQiLCJpYXQiOjE3ODU1ODcwNDgsImV4cCI6MTk0MzI2NzA0OH0.w51dP1tldAMSajBM3_LmoqnLyvLUPMkOMvc5ZBV_YEY,"Training announcement

The Kuwait Ministry of Interior football team has announced that training for the 2026–27 sports season will begin on Sunday, August 2, 2026.

The session is scheduled to start at 6:00 p.m. at Al-Jamarik Stadium.

 Contact details

For inquiries, the announcement lists the following telephone numbers:

- 99779235
- 60600603","The Kuwait Ministry of Interior football team will begin preparations for the 2026–27 season at Al-Jamarik Stadium on Sunday, August 2, 2026.",Mansour Almail ,2026-08-01 12:24:11.211+00,2026-08-01 12:24:28.89027+00,2026-08-03 00:15:46.487504+00,,,,,,
6f59c50e-629a-4af6-9a6b-971c3f65318b,al-salmiya-announce-friendlies-for-i-zmit-training-camp-in-turkey,Al Salmiya Announce Friendlies for İzmit Training Camp in Turkey,https://ontmfbptthwipfzlywwh.supabase.co/storage/v1/object/sign/news-covers/c3ff63d9-d13f-431a-9977-bb1b8c6831ff.jpeg?token=eyJraWQiOiJzdG9yYWdlLXVybC1zaWduaW5nLWtleV9hODVlNGZkYi1iOWRjLTQ2NWUtOGNiNy0xZjRiZmY0OWJiMjciLCJhbGciOiJIUzI1NiJ9.eyJ1cmwiOiJuZXdzLWNvdmVycy9jM2ZmNjNkOS1kMTNmLTQzMWEtOTk3Ny1iYjFiOGM2ODMxZmYuanBlZyIsInNjb3BlIjoiZG93bmxvYWQiLCJpYXQiOjE3ODU1NDA0MTIsImV4cCI6MTk0MzIyMDQxMn0.HzEjpM8i6I5Q0Ve0nsAPLqJHiwlc7Wevx2VyLWneGh8,"Al Salmiya have announced three friendly matches as part of their 2026 training camp in İzmit, Turkey.

The Kuwaiti club are scheduled to depart for Turkey on Friday, July 31, before beginning their friendly programme against Egyptian Premier League side ZED FC on August 2.

## Friendly schedule

- **August 2, 2026:** ZED FC (Egypt)
- **August 6, 2026:** Al Markhiya (Qatar)
- **August 10, 2026:** ASO Chlef (Algeria)

Al Markhiya compete in Qatar’s second tier, while ASO Chlef are an Algerian top-flight club.

A possible fourth friendly is listed for August 14, although Al Salmiya have not yet confirmed the opponent.

The team are scheduled to return to Kuwait on Monday, August 17.","Al Salmiya will face ZED FC, Al Markhiya and ASO Chlef during their 2026 training camp in İzmit, with a possible fourth friendly yet to be confirmed.",Mansour Almail,2026-07-31 23:27:01.407+00,2026-07-31 23:27:04.280089+00,2026-08-03 00:16:01.730797+00,4f941a6e-7ce2-416e-b293-7f010c901415,792f150e-1c25-4f3c-878f-75536c7edd5b,,,,
3b371653-36b8-4020-906c-979154e6db8a,al-qadsia-to-face-saudi-side-al-zulfi-in-t-rkiye-friendly,Al Qadsia to Face Saudi Side Al Zulfi in Türkiye Friendly,https://ontmfbptthwipfzlywwh.supabase.co/storage/v1/object/sign/news-covers/4c3add6c-ac49-49aa-8ed6-65a438aaa8e4.jpeg?token=eyJraWQiOiJzdG9yYWdlLXVybC1zaWduaW5nLWtleV9hODVlNGZkYi1iOWRjLTQ2NWUtOGNiNy0xZjRiZmY0OWJiMjciLCJhbGciOiJIUzI1NiJ9.eyJ1cmwiOiJuZXdzLWNvdmVycy80YzNhZGQ2Yy1hYzQ5LTQ5YWEtOGVkNi02NWE0MzhhYWE4ZTQuanBlZyIsInNjb3BlIjoiZG93bmxvYWQiLCJpYXQiOjE3ODUyOTA5MzEsImV4cCI6MTk0Mjk3MDkzMX0.z7T_lewzlrClT-26bkSJ7RzJLIFrjpSrElEkZijzC4o,"Al Qadsia SC will continue their pre-season preparations with a friendly match against Saudi Arabian second-tier side Al Zulfi during the club’s training camp in Türkiye.

The match is scheduled to take place on 29 July 2026 at 18:00 local time at Yalova Atatürk Stadium in Yalova, Türkiye.

The fixture will serve as another important test for the Kuwaiti side as they build towards the 2026/27 AFC Challenge League campaign. The coaching staff are expected to use the match to assess the squad’s fitness, tactical progress and match sharpness ahead of the club’s continental commitments.

Al Zulfi, who compete in Saudi Arabia’s second division, will provide competitive opposition in what is expected to be a valuable pre-season encounter for both teams. The friendly is part of Al Qadsia’s preparations before the start of the new competitive season.",Kuwaiti club Al Qadsia will face Saudi Arabian second-tier side Al Zulfi in a friendly match in Türkiye as part of their preparations for the upcoming AFC Challenge League campaign.,Mansour Almail,2026-07-29 02:12:14.856+00,2026-07-29 02:12:16.373609+00,2026-08-03 00:16:08.960572+00,8d6cb3fe-6e3d-4cdc-af60-ea9de938d174,792f150e-1c25-4f3c-878f-75536c7edd5b,,,,
9fb5c6a6-f94f-4dc7-b755-47673db7fd33,kuwait-fa-to-hold-2026-27-youth-competition-draws,Kuwait FA to Hold 2026–27 Youth Competition Draws,https://ontmfbptthwipfzlywwh.supabase.co/storage/v1/object/sign/news-covers/4dee92ab-c539-43e4-8b84-76f927dff1d6.jpeg?token=eyJraWQiOiJzdG9yYWdlLXVybC1zaWduaW5nLWtleV9hODVlNGZkYi1iOWRjLTQ2NWUtOGNiNy0xZjRiZmY0OWJiMjciLCJhbGciOiJIUzI1NiJ9.eyJ1cmwiOiJuZXdzLWNvdmVycy80ZGVlOTJhYi1jNTM5LTQzZTQtOGI4NC03NmY5MjdkZmYxZDYuanBlZyIsInNjb3BlIjoiZG93bmxvYWQiLCJpYXQiOjE3ODU2ODU5MTIsImV4cCI6MTk0MzM2NTkxMn0.9b5T8dWYICbNUMlEVwHlLQAp--dc8qn5etFujFaP6tk,"The Kuwait Football Association will conduct the draws for its youth competitions for the 2026–27 season on Sunday, August 2, 2026.

The event will begin at 7:00 p.m. in the meeting hall at the Kuwait Football Association’s headquarters in Adailiya.

 Competitions included

The draw will cover three age-group leagues:

- Under-19 league
- Under-17 league
- Under-15 league

Sports clubs have been asked to send representatives to attend the draw at the scheduled time and venue.","The draws for Kuwait’s Under-15, Under-17 and Under-19 league competitions will take place at 7:00 p.m. on Sunday, August 2, 2026.",Mansour Almail,2026-08-02 15:52:11.653+00,2026-08-02 15:52:12.926171+00,2026-08-03 00:15:14.213681+00,,792f150e-1c25-4f3c-878f-75536c7edd5b,,,,
e4658f2e-732a-4eb0-84b4-915f82df1327,kuwaiti-clubs-pre-season-camp-destinations-mapped,Kuwaiti Clubs’ Pre-Season Camp Destinations Mapped,https://ontmfbptthwipfzlywwh.supabase.co/storage/v1/object/sign/news-covers/3f30f244-61c3-4226-9ea9-f3319229df58.jpeg?token=eyJraWQiOiJzdG9yYWdlLXVybC1zaWduaW5nLWtleV9hODVlNGZkYi1iOWRjLTQ2NWUtOGNiNy0xZjRiZmY0OWJiMjciLCJhbGciOiJIUzI1NiJ9.eyJ1cmwiOiJuZXdzLWNvdmVycy8zZjMwZjI0NC02MWMzLTQyMjYtOWVhOS1mMzMxOTIyOWRmNTguanBlZyIsInNjb3BlIjoiZG93bmxvYWQiLCJpYXQiOjE3ODU2NzU4NjEsImV4cCI6MTk0MzM1NTg2MX0.nlSWELNcCdOJWfcdrKI-rZn_RPYI5etLXjP88amA7YY,"A pre-season map for Kuwaiti football clubs lists four overseas destinations: Turkey, London, Azerbaijan and Egypt.

Turkey

Qadsia, Al Arabi, Kazma and Al Salmiya are scheduled to hold their camps in Turkey, making it the most popular destination alongside Egypt.

 London

Kuwait SC will travel to London for its pre-season camp.

 Azerbaijan

Al Tadamon is the only club listed as holding its camp in Azerbaijan.

 Egypt

Al Nasr, Al Shabab, Al Fahaheel and Al Jahra will conduct their preparations in Egypt.

In total, the map assigns 10 Kuwaiti clubs to overseas pre-season camps across the four destinations.","Turkey will host four Kuwaiti clubs, while London, Azerbaijan and Egypt are also listed as pre-season destinations.",Mansour Almail,2026-08-02 13:04:28.058+00,2026-08-02 13:04:30.147346+00,2026-08-03 00:15:28.013946+00,,792f150e-1c25-4f3c-878f-75536c7edd5b,,,,
d669d10a-8849-4e2a-8743-3e52d77fb300,al-arabi-announce-friendly-against-pyramids-fc-in-turkey,Al Arabi announce friendly against Pyramids FC in Turkey,https://ontmfbptthwipfzlywwh.supabase.co/storage/v1/object/sign/news-covers/d4f97370-0258-4c12-aff6-a1834fe24957.jpeg?token=eyJraWQiOiJzdG9yYWdlLXVybC1zaWduaW5nLWtleV9hODVlNGZkYi1iOWRjLTQ2NWUtOGNiNy0xZjRiZmY0OWJiMjciLCJhbGciOiJIUzI1NiJ9.eyJ1cmwiOiJuZXdzLWNvdmVycy9kNGY5NzM3MC0wMjU4LTRjMTItYWZmNi1hMTgzNGZlMjQ5NTcuanBlZyIsInNjb3BlIjoiZG93bmxvYWQiLCJpYXQiOjE3ODU1OTU3NTQsImV4cCI6MTk0MzI3NTc1NH0.iLq9QxcNixsWJYDq5iOk54b-uLb5IlGMlijm7ZQhdiU," Al Arabi confirm Pyramids friendly

Al Arabi have announced a friendly match against Egyptian club Pyramids FC as part of their training camp in Turkey.

The fixture is scheduled for Tuesday, August 4, 2026, with kick-off set for 4:15pm.

The match will form part of Al Arabi’s preparations during the camp.",Al Arabi will face Egyptian side Pyramids FC in a friendly match during the club’s training camp in Turkey.,Mansour Almail,2026-08-01 14:49:15.413+00,2026-08-01 14:49:18.349235+00,2026-08-03 00:15:39.601205+00,598d82e7-8002-4423-9468-d58ec371907c,792f150e-1c25-4f3c-878f-75536c7edd5b,,,,
78fe2302-3e04-46ee-af15-f66b1dc56121,al-salmiya-announce-squad-for-turkey-training-camp,Al Salmiya Announce Squad for Turkey Training Camp,https://ontmfbptthwipfzlywwh.supabase.co/storage/v1/object/sign/news-covers/dd4744fb-2659-48c8-b377-9ef50eb82823.jpeg?token=eyJraWQiOiJzdG9yYWdlLXVybC1zaWduaW5nLWtleV9hODVlNGZkYi1iOWRjLTQ2NWUtOGNiNy0xZjRiZmY0OWJiMjciLCJhbGciOiJIUzI1NiJ9.eyJ1cmwiOiJuZXdzLWNvdmVycy9kZDQ3NDRmYi0yNjU5LTQ4YzgtYjM3Ny05ZWY1MGViODI4MjMuanBlZyIsInNjb3BlIjoiZG93bmxvYWQiLCJpYXQiOjE3ODU1NDI4NzcsImV4cCI6MTk0MzIyMjg3N30.N2Z8h0j0XhwnsmdTj-9pH5rDeoYe2BOqEdONHCvkC2s,"Al Salmiya have announced the squad travelling to Izmit, Turkey, for a training camp scheduled to run from July 31 to August 17.

## Squad list

- **1** Abdullah Al-Ayoub
- **2** Abdullah Al-Jaraf
- **3** Abdulrahman Al-Khader
- **4** Shahrood
- **6** Ahmed Boumarium
- **7** Mahmoud Al-Aswad
- **8** Mohammed Al-Huwaidi
- **9** Abdullah Youssef
- **10** Fawaz Ayed
- **11** Nayef Zuweid
- **12** Ahmed Mansour
- **14** Ahmed Khorshid
- **16** Mahdi Dashti
- **17** Youssef Anizan
- **18** Abdulmohsen Al-Turkmani
- **19** Hamad Al-Asimi
- **20** Ahmed Eidan
- **21** Amr Ali Omar
- **22** Youssef Al-Kandari
- **23** Aqeel Al-Enezi
- **24** Khaled Al-Othman
- **26** Mubarak Al-Fneini
- **27** Issa Waleed
- **28** Ali Dashti
- **29** Trésor
- **32** Ibrahim Al-Mansour
- **35** Abdulrahman Al-Fadhli
- **36** Abdullah Al-Jassem
- **39** Abdullah Bashar
- **43** Mohammed Marwi
- **46** Dari Wale'
- **66** Mohammed Mirza
- **93** Fahad Al-Ajmi","Al Salmiya have named a 33-player squad for their training camp in Izmit, Turkey, scheduled from July 31 to August 17.",Mansour Almail,2026-08-01 00:07:48.863+00,2026-08-01 00:08:02.835306+00,2026-08-03 00:15:54.678084+00,4f941a6e-7ce2-416e-b293-7f010c901415,792f150e-1c25-4f3c-878f-75536c7edd5b,,,,
809e867d-37f4-4141-aff9-9243b27f0e78,abdullah-fares-joins-al-jazira-on-loan-from-al-arabi,Abdullah Fares joins Al Jazira on loan from Al Arabi,https://ontmfbptthwipfzlywwh.supabase.co/storage/v1/object/sign/news-covers/4023948d-e2cc-4bfc-a633-33b36bddf3ff.png?token=eyJraWQiOiJzdG9yYWdlLXVybC1zaWduaW5nLWtleV9hODVlNGZkYi1iOWRjLTQ2NWUtOGNiNy0xZjRiZmY0OWJiMjciLCJhbGciOiJIUzI1NiJ9.eyJ1cmwiOiJuZXdzLWNvdmVycy80MDIzOTQ4ZC1lMmNjLTRiZmMtYTYzMy0zM2IzNmJkZGYzZmYucG5nIiwic2NvcGUiOiJkb3dubG9hZCIsImlhdCI6MTc4NTg1MjM1MiwiZXhwIjoxOTQzNTMyMzUyfQ.aqlPVZ3eOAM7k9w_FvB07SiqTDR1N2csN8zVTjQ3AEw,"According to sources, Al Arabi have loaned Abdullah Fares to Al Jazira.

No further details about the loan agreement have been provided.","According to sources, Al Arabi player Abdullah Fares has joined Al Jazira on loan.",Mansour Almail,2026-08-03 18:32:11.023+00,2026-08-03 18:33:03.754473+00,2026-08-04 14:05:56.180266+00,598d82e7-8002-4423-9468-d58ec371907c,792f150e-1c25-4f3c-878f-75536c7edd5b,,,,
25093a39-4195-4af5-9d1e-df31330dc444,sources-two-new-private-clubs-set-to-join-kuwaiti-first-division,Sources: Two New Private Clubs Set to Join Kuwaiti First Division,https://ontmfbptthwipfzlywwh.supabase.co/storage/v1/object/sign/news-covers/4d7a0bfb-e301-4415-8c16-d235fc1ec892.png?token=eyJraWQiOiJzdG9yYWdlLXVybC1zaWduaW5nLWtleV9hODVlNGZkYi1iOWRjLTQ2NWUtOGNiNy0xZjRiZmY0OWJiMjciLCJhbGciOiJIUzI1NiJ9.eyJ1cmwiOiJuZXdzLWNvdmVycy80ZDdhMGJmYi1lMzAxLTQ0MTUtOGMxNi1kMjM1ZmMxZWM4OTIucG5nIiwic2NvcGUiOiJkb3dubG9hZCIsImlhdCI6MTc4NjMyMjgyNSwiZXhwIjoxOTQ0MDAyODI1fQ.e_WDdbG3skSsJuS1IK4qRzYwkAdaUoZHozQwYFl7lJQ," Two clubs set to join

Two new private clubs are set to join the Kuwaiti First Division, according to sources.

The clubs are Go FC, owned by Ali Alhamad, and Al Itihad FC.

 Sponsors and youth programme

Al Itihad FC has announced Boom Al Khaleej and Najd as its sponsors. The club has also started a youth programme.","Go FC and Al Itihad FC are expected to join the Kuwaiti First Division, according to sources.",,2026-08-10 00:46:38.138+00,2026-08-10 00:47:08.196247+00,2026-08-10 00:47:08.196247+00,,,,مصادر: ناديان خاصان جديدان يستعدان للانضمام إلى دوري الدرجة الأولى الكويتي,من المتوقع أن ينضم ناديا غو إف سي والاتحاد إف سي إلى دوري الدرجة الأولى الكويتي، وفقاً لمصادر.," ناديان يستعدان للانضمام

يستعد ناديان خاصان جديدان للانضمام إلى دوري الدرجة الأولى الكويتي، وفقاً لمصادر.

والناديان هما غو إف سي، المملوك لعلي الحمد، والاتحاد إف سي.

 الرعاة وبرنامج الناشئين

أعلن نادي الاتحاد إف سي عن بوم الخليج ونجد بصفتهما راعيين له. كما أطلق النادي برنامجاً للناشئين."
