id,competition_id,group_label,team_id,played,won,drawn,lost,gf,ga,points,points_adjust,sort_order,qualification_label,qualification_color,updated_at,season
84950947-ccda-46fc-88f3-c243ce772dd7,792f150e-1c25-4f3c-878f-75536c7edd5b,,e834859a-a97d-47b8-88cc-6e58d04060e7,0,0,0,0,0,0,0,0,1,,,2026-08-20 21:04:07.752815+00,2026/2027
c2cf0c58-6721-4113-bead-fd892cc21b4a,792f150e-1c25-4f3c-878f-75536c7edd5b,,e62bea24-9251-4e69-b03b-b0f3fae6618f,0,0,0,0,0,0,0,0,2,,,2026-08-20 21:04:07.752815+00,2026/2027
d266a92f-a016-4f10-bcfa-b1ae795c346a,4cc0c0e4-24c2-40a7-9331-2a6de8b80553,,2cb7f23a-1619-4c10-85bd-64752154e13c,0,0,0,0,0,0,0,0,5,,,2026-08-17 21:59:19.861832+00,2026/2027
885aec4a-1248-4c67-b468-b55c4b940811,4cc0c0e4-24c2-40a7-9331-2a6de8b80553,,5ef202eb-daf0-49a1-b6dd-3c63e40df5de,0,0,0,0,0,0,0,0,6,,,2026-08-17 21:59:19.861832+00,2026/2027
c5c0fb8d-6ce6-482e-8946-f5429c777adc,4cc0c0e4-24c2-40a7-9331-2a6de8b80553,,31f1c93a-e72b-44b6-a8b8-39d8508575f8,0,0,0,0,0,0,0,0,7,,,2026-08-17 21:59:19.861832+00,2026/2027
278cf438-abdc-4cc8-827e-673043cff12d,4cc0c0e4-24c2-40a7-9331-2a6de8b80553,,bc724b72-7774-45a7-8af4-1ad5a0b51e01,0,0,0,0,0,0,0,0,2,,,2026-08-13 00:57:43.646389+00,2026/2027
c9130955-68dc-458d-badf-b985c6c5534d,4cc0c0e4-24c2-40a7-9331-2a6de8b80553,,4ba35c2a-39ee-4dce-94ca-72273c1a5311,0,0,0,0,0,0,0,0,3,,,2026-08-13 00:57:43.646389+00,2026/2027
9bbee64a-dc56-456c-8465-30dd095a5308,4cc0c0e4-24c2-40a7-9331-2a6de8b80553,,8e369144-5cb6-4beb-9949-3187473b81d4,0,0,0,0,0,0,0,0,4,,,2026-08-13 00:57:43.646389+00,2026/2027
55c4cf81-4023-47a0-9c00-e67d9408e577,4cc0c0e4-24c2-40a7-9331-2a6de8b80553,,707810f5-70e9-4906-87e5-6288089afb79,0,0,0,0,0,0,0,0,5,,,2026-08-13 00:57:43.646389+00,2026/2027
f79b4794-5d23-47da-89f4-b8510ad90985,4cc0c0e4-24c2-40a7-9331-2a6de8b80553,,05925c38-07ac-40a1-8fa8-e81c7298ee18,0,0,0,0,0,0,0,0,7,,,2026-08-20 21:08:36.404992+00,2026/2027
293b0557-d7bc-4f26-b369-4828aefab430,246d74c1-2746-40bf-ad75-cdff6fb0fe0e,Group A,44887540-58a4-40e1-b34d-48460b3aa821,0,0,0,0,0,0,0,0,1,,,2026-08-17 22:00:14.1315+00,2026
e7ca10a3-7a04-4676-8861-4272c23d4f9d,246d74c1-2746-40bf-ad75-cdff6fb0fe0e,Group A,c6c817b2-8f2c-499c-b02a-34f7736579df,0,0,0,0,0,0,0,0,2,,,2026-08-17 22:00:14.1315+00,2026
b5b4f765-3c0a-4c0d-8314-03098f5e4641,246d74c1-2746-40bf-ad75-cdff6fb0fe0e,Group A,18da094d-7bfa-4077-932c-28123cfd0912,0,0,0,0,0,0,0,0,3,,,2026-08-17 22:00:14.1315+00,2026
fba3693c-2a9b-4404-aaed-64d6720658bf,246d74c1-2746-40bf-ad75-cdff6fb0fe0e,Group A,e06e9326-d05d-49f5-870e-8904723d885d,0,0,0,0,0,0,0,0,4,,,2026-08-17 22:00:14.1315+00,2026
48946cfb-017e-4733-8114-044dfc7a7ed8,246d74c1-2746-40bf-ad75-cdff6fb0fe0e,Group A,30d428e9-3d5a-4ce6-8908-b227f9cf119c,0,0,0,0,0,0,0,0,5,,,2026-08-17 22:00:14.1315+00,2026
4b1102ce-49cc-4528-a2ed-6cc14300466f,246d74c1-2746-40bf-ad75-cdff6fb0fe0e,Group A,91a3d70a-4152-44f2-bd21-54c94698e9ca,0,0,0,0,0,0,0,0,6,,,2026-08-17 22:00:14.1315+00,2026
59ce24cc-2bc1-4576-a973-cb30afc922d8,246d74c1-2746-40bf-ad75-cdff6fb0fe0e,Group A,c924f997-11c5-48d7-a905-bd1a45b269a2,0,0,0,0,0,0,0,0,7,,,2026-08-17 22:00:14.1315+00,2026
082a63d2-68a0-4c9c-84ae-9846e238b9ac,246d74c1-2746-40bf-ad75-cdff6fb0fe0e,Group A,5087f15f-2ab8-4f32-9d52-cdec449664b1,0,0,0,0,0,0,0,0,8,,,2026-08-17 22:00:14.1315+00,2026
3d21ede9-2078-48f7-80c7-b106834e7a9f,da2223d7-561d-4767-836a-ea3e4ace8760,Group A,6f00c72c-872a-4b4e-a5bf-8b89c053ef6d,0,0,0,0,0,0,0,0,0,,,2026-08-19 23:06:13.461184+00,2027
07882400-3a2d-472a-9052-afba17e485db,da2223d7-561d-4767-836a-ea3e4ace8760,Group A,91a3d70a-4152-44f2-bd21-54c94698e9ca,0,0,0,0,0,0,0,0,1,,,2026-08-19 23:06:13.461184+00,2027
2aec3f34-1579-47ae-b3f4-1f3217a76d3d,da2223d7-561d-4767-836a-ea3e4ace8760,Group A,69b125f2-97ec-4e36-8a06-ac1442626d52,0,0,0,0,0,0,0,0,2,,,2026-08-19 23:06:13.461184+00,2027
951b2c75-b5f5-4ad3-8074-2adfd1fdcbbf,da2223d7-561d-4767-836a-ea3e4ace8760,Group A,b7695ca6-410f-4746-b57e-f5e0281f65f7,0,0,0,0,0,0,0,0,3,,,2026-08-19 23:06:13.461184+00,2027
b484fd07-a71e-4ffc-956e-e0f8358535af,da2223d7-561d-4767-836a-ea3e4ace8760,Group A,9bbcd6b5-6ac3-44ae-9e14-af2c46d6cf83,0,0,0,0,0,0,0,0,4,,,2026-08-19 23:06:13.461184+00,2027
4386b73f-cc2a-4621-a224-1fea854068fc,da2223d7-561d-4767-836a-ea3e4ace8760,Group A,c924f997-11c5-48d7-a905-bd1a45b269a2,0,0,0,0,0,0,0,0,5,,,2026-08-19 23:06:13.461184+00,2027
23ddc032-ed2e-4096-9558-f2bc8914577e,da2223d7-561d-4767-836a-ea3e4ace8760,Group A,b9d04729-0dc6-4b1a-8346-0a225c69972f,0,0,0,0,0,0,0,0,6,,,2026-08-19 23:06:13.461184+00,2027
26fe9ce3-8485-49da-a50d-4d41384b7823,da2223d7-561d-4767-836a-ea3e4ace8760,Group A,ab43f408-402a-4bf2-8ee9-79adbc9291ce,0,0,0,0,0,0,0,0,7,,,2026-08-19 23:06:13.461184+00,2027
380db189-2f7f-4a7d-8945-64bd1bcc9de6,da2223d7-561d-4767-836a-ea3e4ace8760,Group A,5087f15f-2ab8-4f32-9d52-cdec449664b1,0,0,0,0,0,0,0,0,8,,,2026-08-19 23:06:13.461184+00,2027
4f83e979-eed0-4d5a-9989-fe485fbb3eee,da2223d7-561d-4767-836a-ea3e4ace8760,Group A,5c5709e7-061c-4f11-9857-872324416325,0,0,0,0,0,0,0,0,9,,,2026-08-19 23:06:13.461184+00,2027
ae922801-0b13-46cd-8fe3-6f28d99a92ef,da2223d7-561d-4767-836a-ea3e4ace8760,Group A,671a9c22-d2d0-4d0c-8d30-c9bc538ddf73,0,0,0,0,0,0,0,0,10,,,2026-08-19 23:06:13.461184+00,2027
2f620999-6ed7-404c-8c87-a515a728ab20,da2223d7-561d-4767-836a-ea3e4ace8760,Group A,44887540-58a4-40e1-b34d-48460b3aa821,0,0,0,0,0,0,0,0,11,,,2026-08-19 23:06:13.461184+00,2027
2b375b1a-3aa9-4b98-9433-555f4b14e2a8,da2223d7-561d-4767-836a-ea3e4ace8760,Group A,0846ef4a-eb32-4306-8d76-d0982acbdff0,0,0,0,0,0,0,0,0,12,,,2026-08-19 23:06:13.461184+00,2027
6ad573a7-f0bd-4362-b810-6c8b34ae6bea,da2223d7-561d-4767-836a-ea3e4ace8760,Group A,c6c817b2-8f2c-499c-b02a-34f7736579df,0,0,0,0,0,0,0,0,13,,,2026-08-19 23:06:13.461184+00,2027
b31b45e7-aaae-40b1-bc9c-6710330beeab,da2223d7-561d-4767-836a-ea3e4ace8760,Group A,18da094d-7bfa-4077-932c-28123cfd0912,0,0,0,0,0,0,0,0,14,,,2026-08-19 23:06:13.461184+00,2027
1e06f31b-338a-4a6d-b69a-fd26a7839916,da2223d7-561d-4767-836a-ea3e4ace8760,Group A,ec191643-1e8f-48a8-b42e-acd1c81ef4d4,0,0,0,0,0,0,0,0,15,,,2026-08-19 23:06:13.461184+00,2027
a37189aa-f3c6-4ab3-941b-eae7ab41333a,da2223d7-561d-4767-836a-ea3e4ace8760,Group A,a7b33657-3d26-4bb5-8a93-a319b7d7ba0e,0,0,0,0,0,0,0,0,16,,,2026-08-19 23:06:13.461184+00,2027
5ecf2cba-3de2-483b-b374-a8924fe26ede,da2223d7-561d-4767-836a-ea3e4ace8760,Group A,1d85c594-7743-4837-af55-ef9d04a547dc,0,0,0,0,0,0,0,0,17,,,2026-08-19 23:06:13.461184+00,2027
9da26ee0-6e67-4da4-9bb4-0bd49fe2f04f,da2223d7-561d-4767-836a-ea3e4ace8760,Group A,25a03a61-0aad-4ddb-ad65-95e1e87c24b3,0,0,0,0,0,0,0,0,18,,,2026-08-19 23:06:13.461184+00,2027
f81d3de8-02d2-4a95-8c2e-455141d63cf4,da2223d7-561d-4767-836a-ea3e4ace8760,Group A,957e46d2-0f17-4b26-9a99-80e816ff1ac7,0,0,0,0,0,0,0,0,19,,,2026-08-19 23:06:13.461184+00,2027
d146291a-878e-4df2-bd8c-e657b0073b35,da2223d7-561d-4767-836a-ea3e4ace8760,Group A,e06e9326-d05d-49f5-870e-8904723d885d,0,0,0,0,0,0,0,0,20,,,2026-08-19 23:06:13.461184+00,2027
d5f6e8d6-0f33-44f1-89ff-b012ecf6dffe,da2223d7-561d-4767-836a-ea3e4ace8760,Group A,6525d35a-4fa8-4532-b127-886269435c7a,0,0,0,0,0,0,0,0,21,,,2026-08-19 23:06:13.461184+00,2027
dc7bae7a-8ef5-4923-b9ae-6d0fb9f14b64,da2223d7-561d-4767-836a-ea3e4ace8760,Group A,bff23f77-8621-4e2d-b9c2-cb62a0444bb4,0,0,0,0,0,0,0,0,22,,,2026-08-19 23:06:13.461184+00,2027
250f0db3-1aac-4bff-ba02-da3a0a08bf88,da2223d7-561d-4767-836a-ea3e4ace8760,Group A,30d428e9-3d5a-4ce6-8908-b227f9cf119c,0,0,0,0,0,0,0,0,23,,,2026-08-19 23:06:13.461184+00,2027
77fc7518-a7bf-4867-874a-16a688230479,792f150e-1c25-4f3c-878f-75536c7edd5b,,a7166bc6-b129-47bb-bc4e-e085b1a2dfcd,0,0,0,0,0,0,0,0,3,,,2026-08-20 21:04:07.752815+00,2026/2027
3d7b9578-800a-45db-bbb9-312018cc56ea,792f150e-1c25-4f3c-878f-75536c7edd5b,,91915327-7b03-4ccf-b968-52a1dae28a9f,0,0,0,0,0,0,0,0,4,,,2026-08-20 21:04:07.752815+00,2026/2027
e5584de9-d517-4909-9c88-bfb68bda50e7,792f150e-1c25-4f3c-878f-75536c7edd5b,,bc2e4358-851e-4dc2-a8aa-ee755c6dd447,0,0,0,0,0,0,0,0,5,,,2026-08-20 21:04:07.752815+00,2026/2027
8d9e45d9-0304-4545-bb71-c218bcc2be2c,792f150e-1c25-4f3c-878f-75536c7edd5b,,666d9085-19bc-476a-a70a-e778d088eb23,0,0,0,0,0,0,0,0,6,,,2026-08-20 21:04:07.752815+00,2026/2027
76ebdc2a-39f8-4066-a08a-3e3b7be41283,792f150e-1c25-4f3c-878f-75536c7edd5b,,539cc6fb-d79a-449b-be23-1271355bd727,0,0,0,0,0,0,0,0,7,,,2026-08-20 21:04:07.752815+00,2026/2027
1de26408-c72f-4693-9ea3-7ea1e2843d0d,792f150e-1c25-4f3c-878f-75536c7edd5b,,4f941a6e-7ce2-416e-b293-7f010c901415,0,0,0,0,0,0,0,0,8,,,2026-08-20 21:04:07.752815+00,2026/2027
857cde75-fbce-4993-9a8f-9faa59a3a94d,792f150e-1c25-4f3c-878f-75536c7edd5b,,8d6cb3fe-6e3d-4cdc-af60-ea9de938d174,0,0,0,0,0,0,0,0,9,,,2026-08-20 21:04:07.752815+00,2026/2027
f409ba05-4c25-4b8d-bf99-f03beef5310a,792f150e-1c25-4f3c-878f-75536c7edd5b,,073cfa17-037f-4b8b-a79a-aeb5dbee9a40,0,0,0,0,0,0,0,0,10,,,2026-08-20 21:04:07.752815+00,2026/2027
36cb5700-2d65-47d8-b748-449f632a4a76,792f150e-1c25-4f3c-878f-75536c7edd5b,,598d82e7-8002-4423-9468-d58ec371907c,0,0,0,0,0,0,0,0,11,,,2026-08-20 21:04:07.752815+00,2026/2027
10520f17-6989-4e01-9f13-012be06fdded,792f150e-1c25-4f3c-878f-75536c7edd5b,,2986f4c3-8906-483b-b021-dae5ddf46c2a,0,0,0,0,0,0,0,0,12,,,2026-08-20 21:04:07.752815+00,2026/2027
