id,competition_id,name,short_name,country,logo_url,coach_name,coach_photo_url,venue_name,venue_city,group_label,created_at,updated_at,country_code,media_urls,description,founded_on,trophies,chairman,is_temporary,is_national
598d82e7-8002-4423-9468-d58ec371907c,792f150e-1c25-4f3c-878f-75536c7edd5b,Al Arabi SC,ARB,Kuwait,https://ontmfbptthwipfzlywwh.supabase.co/storage/v1/object/sign/team-logos/7670b60f-cd7e-4c25-b85a-11387c4d9098.png?token=eyJraWQiOiJzdG9yYWdlLXVybC1zaWduaW5nLWtleV9hODVlNGZkYi1iOWRjLTQ2NWUtOGNiNy0xZjRiZmY0OWJiMjciLCJhbGciOiJIUzI1NiJ9.eyJ1cmwiOiJ0ZWFtLWxvZ29zLzc2NzBiNjBmLWNkN2UtNGMyNS1iODVhLTExMzg3YzRkOTA5OC5wbmciLCJzY29wZSI6ImRvd25sb2FkIiwiaWF0IjoxNzg1MzY3OTIxLCJleHAiOjE5NDMwNDc5MjF9.Na4mAvU8kOIBfnmS1Mpshwm6gi6_MlD9i2deyXFfQFA,Goran Sablic,,Sabah Al Salem Stadium,Mansouriya,,2026-07-29 23:04:09.859697+00,2026-08-15 07:38:09.754963+00,KW,{},,1960-10-20,64,Abdulaziz Ashour,f,f
539cc6fb-d79a-449b-be23-1271355bd727,792f150e-1c25-4f3c-878f-75536c7edd5b,Kuwait SC,KUW,Kuwait,https://ontmfbptthwipfzlywwh.supabase.co/storage/v1/object/sign/team-logos/94e312bf-5a11-4802-9bb0-ddf1973a4cff.png?token=eyJraWQiOiJzdG9yYWdlLXVybC1zaWduaW5nLWtleV9hODVlNGZkYi1iOWRjLTQ2NWUtOGNiNy0xZjRiZmY0OWJiMjciLCJhbGciOiJIUzI1NiJ9.eyJ1cmwiOiJ0ZWFtLWxvZ29zLzk0ZTMxMmJmLTVhMTEtNDgwMi05YmIwLWRkZjE5NzNhNGNmZi5wbmciLCJzY29wZSI6ImRvd25sb2FkIiwiaWF0IjoxNzg2MzIyODg3LCJleHAiOjE5NDQwMDI4ODd9.TLJiSGasPAIEmwILYml8iYYTKButXdqdtpP9A9gMNXI,Alexandre Santos,,Al Kuwait Sports Club Stadium,Kaifan ,,2026-07-29 23:08:22.229936+00,2026-08-15 07:37:01.327073+00,,{},,1960-10-20,69,Khaled Ali Al-Ghanim,f,f
2986f4c3-8906-483b-b021-dae5ddf46c2a,792f150e-1c25-4f3c-878f-75536c7edd5b,Al Nasr SC,NAS,Kuwait,https://ontmfbptthwipfzlywwh.supabase.co/storage/v1/object/sign/team-logos/18362712-0ea7-4916-9abf-aa1bcc58be08.png?token=eyJraWQiOiJzdG9yYWdlLXVybC1zaWduaW5nLWtleV9hODVlNGZkYi1iOWRjLTQ2NWUtOGNiNy0xZjRiZmY0OWJiMjciLCJhbGciOiJIUzI1NiJ9.eyJ1cmwiOiJ0ZWFtLWxvZ29zLzE4MzYyNzEyLTBlYTctNDkxNi05YWJmLWFhMWJjYzU4YmUwOC5wbmciLCJzY29wZSI6ImRvd25sb2FkIiwiaWF0IjoxNzg2NzQ2MTA0LCJleHAiOjE5NDQ0MjYxMDR9.Y2O8rxIydkCxFAHIsqSe60INVjE6dzK7Cea_vjPjMV4,Thaher Al Adwani,,Ali Sabah Al Salem,Al-Ardiya,,2026-07-29 23:18:40.60165+00,2026-08-15 00:30:02.422588+00,,{},,,4,,f,f
a7166bc6-b129-47bb-bc4e-e085b1a2dfcd,792f150e-1c25-4f3c-878f-75536c7edd5b,Kazma SC,KAZ,Kuwait,https://ontmfbptthwipfzlywwh.supabase.co/storage/v1/object/sign/team-logos/7d798d38-bd3c-4c6e-a741-1539636bfc66.png?token=eyJraWQiOiJzdG9yYWdlLXVybC1zaWduaW5nLWtleV9hODVlNGZkYi1iOWRjLTQ2NWUtOGNiNy0xZjRiZmY0OWJiMjciLCJhbGciOiJIUzI1NiJ9.eyJ1cmwiOiJ0ZWFtLWxvZ29zLzdkNzk4ZDM4LWJkM2MtNGM2ZS1hNzQxLTE1Mzk2MzZiZmM2Ni5wbmciLCJzY29wZSI6ImRvd25sb2FkIiwiaWF0IjoxNzg2NzQ2MjcwLCJleHAiOjE5NDQ0MjYyNzB9.2YBjD3JZbne565VDTApQ_tGWI1j-fhY4Psn2UQdhgUY,Dragan Tadic,,Al-Sadaqua Walsalam Stadium,Al Adiliya,,2026-07-29 23:15:52.042666+00,2026-08-15 07:37:40.388004+00,,{},,1964-08-31,21,Ali Alobaid,f,f
91915327-7b03-4ccf-b968-52a1dae28a9f,792f150e-1c25-4f3c-878f-75536c7edd5b,Al Jahra SC,JAH,Kuwait,https://ontmfbptthwipfzlywwh.supabase.co/storage/v1/object/sign/team-logos/eaf5e15e-ee5d-49b3-bbf9-a4997b46a8a6.png?token=eyJraWQiOiJzdG9yYWdlLXVybC1zaWduaW5nLWtleV9hODVlNGZkYi1iOWRjLTQ2NWUtOGNiNy0xZjRiZmY0OWJiMjciLCJhbGciOiJIUzI1NiJ9.eyJ1cmwiOiJ0ZWFtLWxvZ29zL2VhZjVlMTVlLWVlNWQtNDliMy1iYmY5LWE0OTk3YjQ2YThhNi5wbmciLCJzY29wZSI6ImRvd25sb2FkIiwiaWF0IjoxNzg2NzQ2MDg4LCJleHAiOjE5NDQ0MjYwODh9.4XnW5HFB4SohbeFpJpUlAmCGR1-xmNHJQ0Yfj9g-Gx8,,,Mubarak Al-Aiar Stadium,Jahra,,2026-07-29 23:20:58.158953+00,2026-08-15 05:39:47.39017+00,,{},,,6,,f,f
666d9085-19bc-476a-a70a-e778d088eb23,792f150e-1c25-4f3c-878f-75536c7edd5b,Al Tadamon SC,TAD,Kuwait,https://ontmfbptthwipfzlywwh.supabase.co/storage/v1/object/sign/team-logos/9bc8b439-81a6-4b55-8a8e-188c82df0fc9.png?token=eyJraWQiOiJzdG9yYWdlLXVybC1zaWduaW5nLWtleV9hODVlNGZkYi1iOWRjLTQ2NWUtOGNiNy0xZjRiZmY0OWJiMjciLCJhbGciOiJIUzI1NiJ9.eyJ1cmwiOiJ0ZWFtLWxvZ29zLzliYzhiNDM5LTgxYTYtNGI1NS04YThlLTE4OGM4MmRmMGZjOS5wbmciLCJzY29wZSI6ImRvd25sb2FkIiwiaWF0IjoxNzg2NzQ2NDkxLCJleHAiOjE5NDQ0MjY0OTF9.mSioRj_3PQU3jNd3N60uMJh3rz3kKTar33eOpRI24TQ,Igor Remetic,,Farwaniya Stadium,Farwaniya,,2026-07-29 23:20:05.492294+00,2026-08-15 05:41:58.631358+00,,{},,,5,,f,f
073cfa17-037f-4b8b-a79a-aeb5dbee9a40,792f150e-1c25-4f3c-878f-75536c7edd5b,Al Fahaheel SC,FAH,Kuwait,https://ontmfbptthwipfzlywwh.supabase.co/storage/v1/object/sign/team-logos/3916d27c-19da-48d8-99d9-37d5a6f071b8.png?token=eyJraWQiOiJzdG9yYWdlLXVybC1zaWduaW5nLWtleV9hODVlNGZkYi1iOWRjLTQ2NWUtOGNiNy0xZjRiZmY0OWJiMjciLCJhbGciOiJIUzI1NiJ9.eyJ1cmwiOiJ0ZWFtLWxvZ29zLzM5MTZkMjdjLTE5ZGEtNDhkOC05OWQ5LTM3ZDVhNmYwNzFiOC5wbmciLCJzY29wZSI6ImRvd25sb2FkIiwiaWF0IjoxNzg1Mzc4MDIwLCJleHAiOjE5NDMwNTgwMjB9.DKTgxpVEyo3en4hO1cWTSHYKpuqNR19FGyCuLMlR7CA,,,Nayef Al Dabbous Stadium,Fahaheel,,2026-07-29 23:16:43.455761+00,2026-08-15 05:39:34.846287+00,,{},,,8,,f,f
4f941a6e-7ce2-416e-b293-7f010c901415,792f150e-1c25-4f3c-878f-75536c7edd5b,Al Salmiya SC,SAL,Kuwait,https://ontmfbptthwipfzlywwh.supabase.co/storage/v1/object/sign/team-logos/d43126b2-402c-4999-bcdb-42d199332f05.png?token=eyJraWQiOiJzdG9yYWdlLXVybC1zaWduaW5nLWtleV9hODVlNGZkYi1iOWRjLTQ2NWUtOGNiNy0xZjRiZmY0OWJiMjciLCJhbGciOiJIUzI1NiJ9.eyJ1cmwiOiJ0ZWFtLWxvZ29zL2Q0MzEyNmIyLTQwMmMtNDk5OS1iY2RiLTQyZDE5OTMzMmYwNS5wbmciLCJzY29wZSI6ImRvd25sb2FkIiwiaWF0IjoxNzg1Mzc4MjQ1LCJleHAiOjE5NDMwNTgyNDV9.o3s83nJ-lpIDnDCDQOEpJpawmoUHvz05zCkxGQAenSQ,Ali Ashour,,Thamir Stadium,Salmiya,,2026-07-29 23:12:31.86593+00,2026-08-15 07:39:42.815487+00,,{},,1964-06-10,10,Sheikh Turki Al Yousef Al Sabah,f,f
bc2e4358-851e-4dc2-a8aa-ee755c6dd447,792f150e-1c25-4f3c-878f-75536c7edd5b,Al Shabab SC,SHA,Kuwait,https://ontmfbptthwipfzlywwh.supabase.co/storage/v1/object/sign/team-logos/43ae7b7c-21ad-4498-bbce-20a8fd6f5d3d.png?token=eyJraWQiOiJzdG9yYWdlLXVybC1zaWduaW5nLWtleV9hODVlNGZkYi1iOWRjLTQ2NWUtOGNiNy0xZjRiZmY0OWJiMjciLCJhbGciOiJIUzI1NiJ9.eyJ1cmwiOiJ0ZWFtLWxvZ29zLzQzYWU3YjdjLTIxYWQtNDQ5OC1iYmNlLTIwYThmZDZmNWQzZC5wbmciLCJzY29wZSI6ImRvd25sb2FkIiwiaWF0IjoxNzg1OTYzMDUzLCJleHAiOjE5NDM2NDMwNTN9.17wyCzMdbAw4lxbyV2G6Cih9-fMlq7hjC0SDvXatzbg,,,Al-Ahmadi Stadium,Al Ahmadi,,2026-07-29 23:21:36.331192+00,2026-08-15 05:40:34.619379+00,,{},,,6,,f,f
8d6cb3fe-6e3d-4cdc-af60-ea9de938d174,792f150e-1c25-4f3c-878f-75536c7edd5b,Al Qadsia SC,QAD,Kuwait,https://ontmfbptthwipfzlywwh.supabase.co/storage/v1/object/sign/team-logos/bee9d1fd-8c1e-443a-9226-a996f3c586f5.png?token=eyJraWQiOiJzdG9yYWdlLXVybC1zaWduaW5nLWtleV9hODVlNGZkYi1iOWRjLTQ2NWUtOGNiNy0xZjRiZmY0OWJiMjciLCJhbGciOiJIUzI1NiJ9.eyJ1cmwiOiJ0ZWFtLWxvZ29zL2JlZTlkMWZkLThjMWUtNDQzYS05MjI2LWE5OTZmM2M1ODZmNS5wbmciLCJzY29wZSI6ImRvd25sb2FkIiwiaWF0IjoxNzg1Mzc4MjE2LCJleHAiOjE5NDMwNTgyMTZ9.lCyhiK6BsJ_qDDAa1_VCMLVI4djX8ehlvJgFdQBdIT0,Mohammed Ebrahim,,Mohammed Al-Hamad Stadium,Hawally,,2026-07-29 23:11:27.95744+00,2026-08-15 07:38:52.418118+00,KW,{},,1960-10-20,63,Sheikh Mishaal Talal Al-Fahad,f,f
b9d04729-0dc6-4b1a-8346-0a225c69972f,da2223d7-561d-4767-836a-ea3e4ace8760,Japan,,Japan,https://ontmfbptthwipfzlywwh.supabase.co/storage/v1/object/sign/team-logos/8b567999-766d-40c2-9dcd-d9905ae1bfd1.png?token=eyJraWQiOiJzdG9yYWdlLXVybC1zaWduaW5nLWtleV9hODVlNGZkYi1iOWRjLTQ2NWUtOGNiNy0xZjRiZmY0OWJiMjciLCJhbGciOiJIUzI1NiJ9.eyJ1cmwiOiJ0ZWFtLWxvZ29zLzhiNTY3OTk5LTc2NmQtNDBjMi05ZGNkLWQ5OTA1YWUxYmZkMS5wbmciLCJzY29wZSI6ImRvd25sb2FkIiwiaWF0IjoxNzg3MTgwMzQzLCJleHAiOjE5NDQ4NjAzNDN9.cMLHSAMIbxFi6XfGuni7HxoBRBm8sv0L5Jw5JjGV-1Q,,,,,,2026-08-16 21:39:04.938983+00,2026-08-19 22:59:06.413269+00,JP,{},,,0,,f,t
707810f5-70e9-4906-87e5-6288089afb79,,Sporty FC,SPO,Kuwait,https://ontmfbptthwipfzlywwh.supabase.co/storage/v1/object/sign/team-logos/13bd81ea-05f7-4c7f-a8cd-d39ec58f37f1.png?token=eyJraWQiOiJzdG9yYWdlLXVybC1zaWduaW5nLWtleV9hODVlNGZkYi1iOWRjLTQ2NWUtOGNiNy0xZjRiZmY0OWJiMjciLCJhbGciOiJIUzI1NiJ9.eyJ1cmwiOiJ0ZWFtLWxvZ29zLzEzYmQ4MWVhLTA1ZjctNGM3Zi1hOGNkLWQzOWVjNThmMzdmMS5wbmciLCJzY29wZSI6ImRvd25sb2FkIiwiaWF0IjoxNzg2NTEwMTU0LCJleHAiOjE5NDQxOTAxNTR9.JhPYnC6XSvHXhfF6ydn9HLKURGR_geabysC--_v9dH4,,,Jaber Training Stadium 1,Al Ardiya,,2026-08-12 04:49:20.168763+00,2026-08-15 05:42:40.523141+00,KW,{},,2025-07-28,0,,f,f
eb5b9632-b6f0-42b8-b3d5-a74921247c85,,Afghanistan,,Afghanistan,https://flagcdn.com/w160/af.png,,,,,,2026-08-16 21:39:04.938983+00,2026-08-16 21:39:04.938983+00,AF,{},,,0,,f,t
91a3d70a-4152-44f2-bd21-54c94698e9ca,246d74c1-2746-40bf-ad75-cdff6fb0fe0e,Bahrain,,Bahrain,https://ontmfbptthwipfzlywwh.supabase.co/storage/v1/object/sign/team-logos/b85588c5-4025-4c27-bb38-9188d39919af.png?token=eyJraWQiOiJzdG9yYWdlLXVybC1zaWduaW5nLWtleV9hODVlNGZkYi1iOWRjLTQ2NWUtOGNiNy0xZjRiZmY0OWJiMjciLCJhbGciOiJIUzI1NiJ9.eyJ1cmwiOiJ0ZWFtLWxvZ29zL2I4NTU4OGM1LTQwMjUtNGMyNy1iYjM4LTkxODhkMzk5MTlhZi5wbmciLCJzY29wZSI6ImRvd25sb2FkIiwiaWF0IjoxNzg3MTA2MTQwLCJleHAiOjE5NDQ3ODYxNDB9.gYyhlntUbauHoj1PbE7bW_lzVeZ6lHj98Xj-dJ6Oo7M,,,,,,2026-08-16 21:39:04.938983+00,2026-08-19 02:22:25.133741+00,BH,{},,,0,,f,t
bc724b72-7774-45a7-8af4-1ad5a0b51e01,,Al Shamiya FC,SHA,Kuwait,https://ontmfbptthwipfzlywwh.supabase.co/storage/v1/object/sign/team-logos/31f52851-9faa-4ad3-9287-a0bcea04f615.png?token=eyJraWQiOiJzdG9yYWdlLXVybC1zaWduaW5nLWtleV9hODVlNGZkYi1iOWRjLTQ2NWUtOGNiNy0xZjRiZmY0OWJiMjciLCJhbGciOiJIUzI1NiJ9.eyJ1cmwiOiJ0ZWFtLWxvZ29zLzMxZjUyODUxLTlmYWEtNGFkMy05Mjg3LWEwYmNlYTA0ZjYxNS5wbmciLCJzY29wZSI6ImRvd25sb2FkIiwiaWF0IjoxNzg2NTEwMjY0LCJleHAiOjE5NDQxOTAyNjR9.iJ8Hl4cXL842jOjkBCGfGzDNUH3CUKVvT0L6IRTEMeg,,,Jaber Training Stadium 1,Al Ardiya,,2026-08-12 04:51:09.069847+00,2026-08-15 05:41:55.046818+00,KW,{},,2025-07-29,0,Falah Anwar Al Sahli,f,f
4ba35c2a-39ee-4dce-94ca-72273c1a5311,,Burgan SC,BUR,Kuwait,https://ontmfbptthwipfzlywwh.supabase.co/storage/v1/object/sign/team-logos/a3a9d453-8e02-470c-b197-e8c978e9c7e4.png?token=eyJraWQiOiJzdG9yYWdlLXVybC1zaWduaW5nLWtleV9hODVlNGZkYi1iOWRjLTQ2NWUtOGNiNy0xZjRiZmY0OWJiMjciLCJhbGciOiJIUzI1NiJ9.eyJ1cmwiOiJ0ZWFtLWxvZ29zL2EzYTlkNDUzLThlMDItNDcwYy1iMTk3LWU4Yzk3OGU5YzdlNC5wbmciLCJzY29wZSI6ImRvd25sb2FkIiwiaWF0IjoxNzg2NTEwMDA2LCJleHAiOjE5NDQxOTAwMDZ9.hgSYrHZLicE1I98FJ0y-rWauO5e8cZtsN4mbx9Raxso,,,Ali Sabah Al Salem,Al-Ardiya,,2026-08-12 04:46:49.681475+00,2026-08-15 05:42:04.994884+00,KW,{},,2007-03-23,0,Anwar Al-Otaibi,f,f
8e369144-5cb6-4beb-9949-3187473b81d4,,Khaitan SC,KHA,Kuwait,https://ontmfbptthwipfzlywwh.supabase.co/storage/v1/object/sign/team-logos/75fd25b7-a10d-4950-92e2-bad302b1082a.png?token=eyJraWQiOiJzdG9yYWdlLXVybC1zaWduaW5nLWtleV9hODVlNGZkYi1iOWRjLTQ2NWUtOGNiNy0xZjRiZmY0OWJiMjciLCJhbGciOiJIUzI1NiJ9.eyJ1cmwiOiJ0ZWFtLWxvZ29zLzc1ZmQyNWI3LWExMGQtNDk1MC05MmUyLWJhZDMwMmIxMDgyYS5wbmciLCJzY29wZSI6ImRvd25sb2FkIiwiaWF0IjoxNzg2NTA5ODYxLCJleHAiOjE5NDQxODk4NjF9.01MvsN4j05wPBUBhIeJQe-0dAGjuVUSTBTOLngj11Us,,,Nasser Al Ossami Stadium,Khaitan,,2026-08-12 04:44:24.267502+00,2026-08-15 05:42:22.826558+00,KW,{},,1965-01-13,3,Abdullah Al Otaibi,f,f
001ed21e-8047-4bd3-9574-e85fec9978b2,,Bangladesh,,Bangladesh,https://flagcdn.com/w160/bd.png,,,,,,2026-08-16 21:39:04.938983+00,2026-08-16 21:39:04.938983+00,BD,{},,,0,,f,t
27a3761a-6d36-40f8-b2bf-2b7482727a54,,Bhutan,,Bhutan,https://flagcdn.com/w160/bt.png,,,,,,2026-08-16 21:39:04.938983+00,2026-08-16 21:39:04.938983+00,BT,{},,,0,,f,t
6f8e3879-79e1-4381-bd57-eb2b07c4218e,,Brunei,,Brunei,https://flagcdn.com/w160/bn.png,,,,,,2026-08-16 21:39:04.938983+00,2026-08-16 21:39:04.938983+00,BN,{},,,0,,f,t
ea1ab07b-25eb-4281-81cc-96abbf28189d,,Cambodia,,Cambodia,https://flagcdn.com/w160/kh.png,,,,,,2026-08-16 21:39:04.938983+00,2026-08-16 21:39:04.938983+00,KH,{},,,0,,f,t
70c16444-cb28-4158-88af-46c5155ed571,,Chinese Taipei,,Chinese Taipei,https://flagcdn.com/w160/tw.png,,,,,,2026-08-16 21:39:04.938983+00,2026-08-16 21:39:04.938983+00,TW,{},,,0,,f,t
4c7284b1-032e-4401-81ad-89b2f9d139fa,,Guam,,Guam,https://flagcdn.com/w160/gu.png,,,,,,2026-08-16 21:39:04.938983+00,2026-08-16 21:39:04.938983+00,GU,{},,,0,,f,t
56bb55d2-a103-49f4-b892-f15e43707ccb,,Hong Kong,,Hong Kong,https://flagcdn.com/w160/hk.png,,,,,,2026-08-16 21:39:04.938983+00,2026-08-16 21:39:04.938983+00,HK,{},,,0,,f,t
c1b0c805-de8f-4cd2-b4cc-91fd8ff4efd9,,India,,India,https://flagcdn.com/w160/in.png,,,,,,2026-08-16 21:39:04.938983+00,2026-08-16 21:39:04.938983+00,IN,{},,,0,,f,t
5ef202eb-daf0-49a1-b6dd-3c63e40df5de,4cc0c0e4-24c2-40a7-9331-2a6de8b80553,Al Jazeera FC,JAZ,Kuwait,https://ontmfbptthwipfzlywwh.supabase.co/storage/v1/object/sign/team-logos/550724ee-6506-485b-ae3a-48d1b00ee34f.png?token=eyJraWQiOiJzdG9yYWdlLXVybC1zaWduaW5nLWtleV9hODVlNGZkYi1iOWRjLTQ2NWUtOGNiNy0xZjRiZmY0OWJiMjciLCJhbGciOiJIUzI1NiJ9.eyJ1cmwiOiJ0ZWFtLWxvZ29zLzU1MDcyNGVlLTY1MDYtNDg1Yi1hZTNhLTQ4ZDFiMDBlZTM0Zi5wbmciLCJzY29wZSI6ImRvd25sb2FkIiwiaWF0IjoxNzg2NzU0MDY5LCJleHAiOjE5NDQ0MzQwNjl9.ygVtjlVnQaZFAGE6tr1R8I3O_S6Q_O7taUZFdBRWFRM,,,Abu Halifa City Stadium,Abu Halifa,,2026-08-15 00:34:34.095056+00,2026-08-18 10:28:51.737252+00,KW,{},,2025-01-01,0,Abdulaziz Al Hadhoud,f,f
c924f997-11c5-48d7-a905-bd1a45b269a2,246d74c1-2746-40bf-ad75-cdff6fb0fe0e,Iraq,,Iraq,https://ontmfbptthwipfzlywwh.supabase.co/storage/v1/object/sign/team-logos/4cb0a0ca-c27a-40b5-83ef-9a4d420d3351.png?token=eyJraWQiOiJzdG9yYWdlLXVybC1zaWduaW5nLWtleV9hODVlNGZkYi1iOWRjLTQ2NWUtOGNiNy0xZjRiZmY0OWJiMjciLCJhbGciOiJIUzI1NiJ9.eyJ1cmwiOiJ0ZWFtLWxvZ29zLzRjYjBhMGNhLWMyN2EtNDBiNS04M2VmLTlhNGQ0MjBkMzM1MS5wbmciLCJzY29wZSI6ImRvd25sb2FkIiwiaWF0IjoxNzg3MTA2MTUyLCJleHAiOjE5NDQ3ODYxNTJ9.VuF0oLR6fhkpLglUARjxcwrimolLapCz3j4V4Iy7jRM,,,,,,2026-08-16 21:39:04.938983+00,2026-08-19 02:22:34.792583+00,IQ,{},,,0,,f,t
6f00c72c-872a-4b4e-a5bf-8b89c053ef6d,da2223d7-561d-4767-836a-ea3e4ace8760,Australia,,Australia,https://ontmfbptthwipfzlywwh.supabase.co/storage/v1/object/sign/team-logos/1dccf295-97a8-4795-a04a-2fc1a21c28a7.png?token=eyJraWQiOiJzdG9yYWdlLXVybC1zaWduaW5nLWtleV9hODVlNGZkYi1iOWRjLTQ2NWUtOGNiNy0xZjRiZmY0OWJiMjciLCJhbGciOiJIUzI1NiJ9.eyJ1cmwiOiJ0ZWFtLWxvZ29zLzFkY2NmMjk1LTk3YTgtNDc5NS1hMDRhLTJmYzFhMjFjMjhhNy5wbmciLCJzY29wZSI6ImRvd25sb2FkIiwiaWF0IjoxNzg3MTgwMjk5LCJleHAiOjE5NDQ4NjAyOTl9.C1mQ398JUxHKEdImvCWi0D8wbPYi6nydI6vDvxWDgS4,,,,,,2026-08-16 21:39:04.938983+00,2026-08-19 22:58:22.001442+00,AU,{},,,0,,f,t
b7695ca6-410f-4746-b57e-f5e0281f65f7,da2223d7-561d-4767-836a-ea3e4ace8760,Indonesia,,Indonesia,https://ontmfbptthwipfzlywwh.supabase.co/storage/v1/object/sign/team-logos/efe0c77f-6bc0-4b33-81ac-e7b0cbb9743d.png?token=eyJraWQiOiJzdG9yYWdlLXVybC1zaWduaW5nLWtleV9hODVlNGZkYi1iOWRjLTQ2NWUtOGNiNy0xZjRiZmY0OWJiMjciLCJhbGciOiJIUzI1NiJ9.eyJ1cmwiOiJ0ZWFtLWxvZ29zL2VmZTBjNzdmLTZiYzAtNGIzMy04MWFjLWU3YjBjYmI5NzQzZC5wbmciLCJzY29wZSI6ImRvd25sb2FkIiwiaWF0IjoxNzg3MTgwMzIwLCJleHAiOjE5NDQ4NjAzMjB9.YPPlcrcEtL4qS-iBQXqiALdvqzGxaro4d2yrlBfh0IY,,,,,,2026-08-16 21:39:04.938983+00,2026-08-19 22:58:42.211229+00,ID,{},,,0,,f,t
e8363548-0df6-466d-a42e-b41dbb868416,,Laos,,Laos,https://flagcdn.com/w160/la.png,,,,,,2026-08-16 21:39:04.938983+00,2026-08-16 21:39:04.938983+00,LA,{},,,0,,f,t
4bdc5c93-a604-4dc3-aa51-bf4f37d6d094,,Lebanon,,Lebanon,https://flagcdn.com/w160/lb.png,,,,,,2026-08-16 21:39:04.938983+00,2026-08-16 21:39:04.938983+00,LB,{},,,0,,f,t
cc5999b0-6ae0-467b-9660-83d8c8da0022,,Macau,,Macau,https://flagcdn.com/w160/mo.png,,,,,,2026-08-16 21:39:04.938983+00,2026-08-16 21:39:04.938983+00,MO,{},,,0,,f,t
41fe8cfc-235a-45a1-83fc-700e02aa41a3,,Malaysia,,Malaysia,https://flagcdn.com/w160/my.png,,,,,,2026-08-16 21:39:04.938983+00,2026-08-16 21:39:04.938983+00,MY,{},,,0,,f,t
12c89f8a-9758-4f13-a021-c0b753f86cb9,,Maldives,,Maldives,https://flagcdn.com/w160/mv.png,,,,,,2026-08-16 21:39:04.938983+00,2026-08-16 21:39:04.938983+00,MV,{},,,0,,f,t
5f30a121-e369-40e3-8da0-100270634be4,,Mongolia,,Mongolia,https://flagcdn.com/w160/mn.png,,,,,,2026-08-16 21:39:04.938983+00,2026-08-16 21:39:04.938983+00,MN,{},,,0,,f,t
e014a943-40ca-4f23-aef1-c1e479b52d0b,,Myanmar,,Myanmar,https://flagcdn.com/w160/mm.png,,,,,,2026-08-16 21:39:04.938983+00,2026-08-16 21:39:04.938983+00,MM,{},,,0,,f,t
fe96729e-853d-4e90-9a78-0584695871eb,,Nepal,,Nepal,https://flagcdn.com/w160/np.png,,,,,,2026-08-16 21:39:04.938983+00,2026-08-16 21:39:04.938983+00,NP,{},,,0,,f,t
53085d46-8419-48c3-9453-ee633ae57b46,,Pakistan,,Pakistan,https://flagcdn.com/w160/pk.png,,,,,,2026-08-16 21:39:04.938983+00,2026-08-16 21:39:04.938983+00,PK,{},,,0,,f,t
3fb287cc-4726-4f0a-9a43-8f38ce6cab27,,Philippines,,Philippines,https://flagcdn.com/w160/ph.png,,,,,,2026-08-16 21:39:04.938983+00,2026-08-16 21:39:04.938983+00,PH,{},,,0,,f,t
39943fc4-d407-4b29-85c5-4131be88c3a0,,Sri Lanka,,Sri Lanka,https://flagcdn.com/w160/lk.png,,,,,,2026-08-16 21:39:04.938983+00,2026-08-16 21:39:04.938983+00,LK,{},,,0,,f,t
0dc7d142-1ece-4c13-9a38-66a8083df333,,Timor-Leste,,Timor-Leste,https://flagcdn.com/w160/tl.png,,,,,,2026-08-16 21:39:04.938983+00,2026-08-16 21:39:04.938983+00,TL,{},,,0,,f,t
0eab52c1-6a02-419b-a635-20b233cd6bf2,,Turkmenistan,,Turkmenistan,https://flagcdn.com/w160/tm.png,,,,,,2026-08-16 21:39:04.938983+00,2026-08-16 21:39:04.938983+00,TM,{},,,0,,f,t
25af5273-d2cf-44b5-b75f-bd196f285e9e,,Algeria,,Algeria,https://flagcdn.com/w160/dz.png,,,,,,2026-08-16 21:39:04.938983+00,2026-08-16 21:39:04.938983+00,DZ,{},,,0,,f,t
35ad8c5c-041c-4628-b482-125148b6a468,,Angola,,Angola,https://flagcdn.com/w160/ao.png,,,,,,2026-08-16 21:39:04.938983+00,2026-08-16 21:39:04.938983+00,AO,{},,,0,,f,t
37d93682-850f-40de-bd80-9691f639214b,,Benin,,Benin,https://flagcdn.com/w160/bj.png,,,,,,2026-08-16 21:39:04.938983+00,2026-08-16 21:39:04.938983+00,BJ,{},,,0,,f,t
345dfbc5-b570-4531-9bd8-3810aa61a911,,Botswana,,Botswana,https://flagcdn.com/w160/bw.png,,,,,,2026-08-16 21:39:04.938983+00,2026-08-16 21:39:04.938983+00,BW,{},,,0,,f,t
434cca90-4575-4ab6-ba62-d9e66fb298d7,,Burkina Faso,,Burkina Faso,https://flagcdn.com/w160/bf.png,,,,,,2026-08-16 21:39:04.938983+00,2026-08-16 21:39:04.938983+00,BF,{},,,0,,f,t
ca13b0c6-ac1c-4a69-ac91-842c5ee47781,,Burundi,,Burundi,https://flagcdn.com/w160/bi.png,,,,,,2026-08-16 21:39:04.938983+00,2026-08-16 21:39:04.938983+00,BI,{},,,0,,f,t
e452a66e-0f7c-49ac-a9a8-e0db6979f08b,,Cameroon,,Cameroon,https://flagcdn.com/w160/cm.png,,,,,,2026-08-16 21:39:04.938983+00,2026-08-16 21:39:04.938983+00,CM,{},,,0,,f,t
1821d37c-aa30-4ad2-874e-edf9fb1b7722,,Cape Verde,,Cape Verde,https://flagcdn.com/w160/cv.png,,,,,,2026-08-16 21:39:04.938983+00,2026-08-16 21:39:04.938983+00,CV,{},,,0,,f,t
2775ca55-1dee-4df6-bdf2-775891b338e5,,Central African Republic,,Central African Republic,https://flagcdn.com/w160/cf.png,,,,,,2026-08-16 21:39:04.938983+00,2026-08-16 21:39:04.938983+00,CF,{},,,0,,f,t
f2387ec2-0826-4a65-93f0-9373fa6252ce,,Chad,,Chad,https://flagcdn.com/w160/td.png,,,,,,2026-08-16 21:39:04.938983+00,2026-08-16 21:39:04.938983+00,TD,{},,,0,,f,t
fbe611ca-34f7-4453-bdf6-d7420fe1aca9,,Comoros,,Comoros,https://flagcdn.com/w160/km.png,,,,,,2026-08-16 21:39:04.938983+00,2026-08-16 21:39:04.938983+00,KM,{},,,0,,f,t
d58f4676-4440-4350-a6fc-cb7f24c0946b,,Congo,,Congo,https://flagcdn.com/w160/cg.png,,,,,,2026-08-16 21:39:04.938983+00,2026-08-16 21:39:04.938983+00,CG,{},,,0,,f,t
ceea27d2-4531-41ed-b84b-2450d2803e28,,DR Congo,,DR Congo,https://flagcdn.com/w160/cd.png,,,,,,2026-08-16 21:39:04.938983+00,2026-08-16 21:39:04.938983+00,CD,{},,,0,,f,t
f8e0b20c-941b-42ef-a8c3-a0f634d008dd,,Djibouti,,Djibouti,https://flagcdn.com/w160/dj.png,,,,,,2026-08-16 21:39:04.938983+00,2026-08-16 21:39:04.938983+00,DJ,{},,,0,,f,t
32f0de82-a2a2-445a-8065-4b2949b99e86,,Egypt,,Egypt,https://flagcdn.com/w160/eg.png,,,,,,2026-08-16 21:39:04.938983+00,2026-08-16 21:39:04.938983+00,EG,{},,,0,,f,t
fd88c785-b95f-4442-b9be-f9cc33025a19,,Equatorial Guinea,,Equatorial Guinea,https://flagcdn.com/w160/gq.png,,,,,,2026-08-16 21:39:04.938983+00,2026-08-16 21:39:04.938983+00,GQ,{},,,0,,f,t
f2d05e02-a257-4ab8-9632-ce5b4498587f,,Eritrea,,Eritrea,https://flagcdn.com/w160/er.png,,,,,,2026-08-16 21:39:04.938983+00,2026-08-16 21:39:04.938983+00,ER,{},,,0,,f,t
09027908-a925-451e-8f8c-91f0f93d4874,,Eswatini,,Eswatini,https://flagcdn.com/w160/sz.png,,,,,,2026-08-16 21:39:04.938983+00,2026-08-16 21:39:04.938983+00,SZ,{},,,0,,f,t
83f72d12-4fdd-47d5-8e3f-5c7c1b345bac,,Ethiopia,,Ethiopia,https://flagcdn.com/w160/et.png,,,,,,2026-08-16 21:39:04.938983+00,2026-08-16 21:39:04.938983+00,ET,{},,,0,,f,t
e1107441-8942-46e4-9e4e-34318e3dbc28,,Gabon,,Gabon,https://flagcdn.com/w160/ga.png,,,,,,2026-08-16 21:39:04.938983+00,2026-08-16 21:39:04.938983+00,GA,{},,,0,,f,t
6f0f8f8d-0022-40d5-ae88-c77d2d36dffc,,Gambia,,Gambia,https://flagcdn.com/w160/gm.png,,,,,,2026-08-16 21:39:04.938983+00,2026-08-16 21:39:04.938983+00,GM,{},,,0,,f,t
03954261-f3bb-497d-9bbb-ff5b5533ac7d,,Ghana,,Ghana,https://flagcdn.com/w160/gh.png,,,,,,2026-08-16 21:39:04.938983+00,2026-08-16 21:39:04.938983+00,GH,{},,,0,,f,t
b59d5ffc-7887-4a4b-9c1d-d7e66c388414,,Guinea,,Guinea,https://flagcdn.com/w160/gn.png,,,,,,2026-08-16 21:39:04.938983+00,2026-08-16 21:39:04.938983+00,GN,{},,,0,,f,t
bccd8f6f-dc29-4b4a-bd6e-c89c24494851,,Guinea-Bissau,,Guinea-Bissau,https://flagcdn.com/w160/gw.png,,,,,,2026-08-16 21:39:04.938983+00,2026-08-16 21:39:04.938983+00,GW,{},,,0,,f,t
66f13ccd-0aac-48e4-9f30-6bac210e3926,,Ivory Coast,,Ivory Coast,https://flagcdn.com/w160/ci.png,,,,,,2026-08-16 21:39:04.938983+00,2026-08-16 21:39:04.938983+00,CI,{},,,0,,f,t
37a83fc9-447b-46f9-86f1-928d4cbf7334,,Kenya,,Kenya,https://flagcdn.com/w160/ke.png,,,,,,2026-08-16 21:39:04.938983+00,2026-08-16 21:39:04.938983+00,KE,{},,,0,,f,t
e670ff31-a4f9-4e9e-afc3-b07fc8ca49a9,,Lesotho,,Lesotho,https://flagcdn.com/w160/ls.png,,,,,,2026-08-16 21:39:04.938983+00,2026-08-16 21:39:04.938983+00,LS,{},,,0,,f,t
e4e7da3d-285f-4d9e-9405-7907e79df827,,Liberia,,Liberia,https://flagcdn.com/w160/lr.png,,,,,,2026-08-16 21:39:04.938983+00,2026-08-16 21:39:04.938983+00,LR,{},,,0,,f,t
671a9c22-d2d0-4d0c-8d30-c9bc538ddf73,da2223d7-561d-4767-836a-ea3e4ace8760,North Korea,,North Korea,https://ontmfbptthwipfzlywwh.supabase.co/storage/v1/object/sign/team-logos/8de005d1-4f0d-4079-bb39-fe47444e87bf.png?token=eyJraWQiOiJzdG9yYWdlLXVybC1zaWduaW5nLWtleV9hODVlNGZkYi1iOWRjLTQ2NWUtOGNiNy0xZjRiZmY0OWJiMjciLCJhbGciOiJIUzI1NiJ9.eyJ1cmwiOiJ0ZWFtLWxvZ29zLzhkZTAwNWQxLTRmMGQtNDA3OS1iYjM5LWZlNDc0NDRlODdiZi5wbmciLCJzY29wZSI6ImRvd25sb2FkIiwiaWF0IjoxNzg3MTgwMzc1LCJleHAiOjE5NDQ4NjAzNzV9.lPanjI3Xk1n7pZBnDZpbKetor58svlfYJmI8HzggYbI,,,,,,2026-08-16 21:39:04.938983+00,2026-08-19 22:59:37.509698+00,KP,{},,,0,,f,t
ec191643-1e8f-48a8-b42e-acd1c81ef4d4,da2223d7-561d-4767-836a-ea3e4ace8760,Singapore,,Singapore,https://ontmfbptthwipfzlywwh.supabase.co/storage/v1/object/sign/team-logos/1a229d6d-e177-47eb-8dd0-eb05c1444d27.png?token=eyJraWQiOiJzdG9yYWdlLXVybC1zaWduaW5nLWtleV9hODVlNGZkYi1iOWRjLTQ2NWUtOGNiNy0xZjRiZmY0OWJiMjciLCJhbGciOiJIUzI1NiJ9.eyJ1cmwiOiJ0ZWFtLWxvZ29zLzFhMjI5ZDZkLWUxNzctNDdlYi04ZGQwLWViMDVjMTQ0NGQyNy5wbmciLCJzY29wZSI6ImRvd25sb2FkIiwiaWF0IjoxNzg3MTgwMzk2LCJleHAiOjE5NDQ4NjAzOTZ9.5_q4zyzHFvASkKp7WiQfp9OUhFAFoqupwrBP1M5gaZA,,,,,,2026-08-16 21:39:04.938983+00,2026-08-19 22:59:59.693043+00,SG,{},,,0,,f,t
957e46d2-0f17-4b26-9a99-80e816ff1ac7,da2223d7-561d-4767-836a-ea3e4ace8760,Thailand,,Thailand,https://ontmfbptthwipfzlywwh.supabase.co/storage/v1/object/sign/team-logos/915baaf7-08a6-4d79-a025-1cc4f8e1c13f.png?token=eyJraWQiOiJzdG9yYWdlLXVybC1zaWduaW5nLWtleV9hODVlNGZkYi1iOWRjLTQ2NWUtOGNiNy0xZjRiZmY0OWJiMjciLCJhbGciOiJIUzI1NiJ9.eyJ1cmwiOiJ0ZWFtLWxvZ29zLzkxNWJhYWY3LTA4YTYtNGQ3OS1hMDI1LTFjYzRmOGUxYzEzZi5wbmciLCJzY29wZSI6ImRvd25sb2FkIiwiaWF0IjoxNzg3MTgwNTM2LCJleHAiOjE5NDQ4NjA1MzZ9.2lcmc-CGBx4Btr-BkNpZH8VcMLqGmm3sv1QK4eDq1h0,,,,,,2026-08-16 21:39:04.938983+00,2026-08-19 23:02:19.3525+00,TH,{},,,0,,f,t
90b1e987-18a2-4a6a-93c0-2f0f9e4c2d27,,Libya,,Libya,https://flagcdn.com/w160/ly.png,,,,,,2026-08-16 21:39:04.938983+00,2026-08-16 21:39:04.938983+00,LY,{},,,0,,f,t
c5d3160d-5188-4d11-a13b-84dc803c920b,,Madagascar,,Madagascar,https://flagcdn.com/w160/mg.png,,,,,,2026-08-16 21:39:04.938983+00,2026-08-16 21:39:04.938983+00,MG,{},,,0,,f,t
35ef0579-493f-4956-9501-1a72d0870cf9,,Malawi,,Malawi,https://flagcdn.com/w160/mw.png,,,,,,2026-08-16 21:39:04.938983+00,2026-08-16 21:39:04.938983+00,MW,{},,,0,,f,t
de966489-e35d-425d-b4a6-e17aacf19e4f,,Mali,,Mali,https://flagcdn.com/w160/ml.png,,,,,,2026-08-16 21:39:04.938983+00,2026-08-16 21:39:04.938983+00,ML,{},,,0,,f,t
a0b8dacd-516a-4d36-be4c-3c9cab11379d,,Mauritania,,Mauritania,https://flagcdn.com/w160/mr.png,,,,,,2026-08-16 21:39:04.938983+00,2026-08-16 21:39:04.938983+00,MR,{},,,0,,f,t
4f16a191-9ccb-44f5-badd-dbd743d75268,,Mauritius,,Mauritius,https://flagcdn.com/w160/mu.png,,,,,,2026-08-16 21:39:04.938983+00,2026-08-16 21:39:04.938983+00,MU,{},,,0,,f,t
ef68a86d-a0e2-423a-acbc-1f42446dd1bb,,Morocco,,Morocco,https://flagcdn.com/w160/ma.png,,,,,,2026-08-16 21:39:04.938983+00,2026-08-16 21:39:04.938983+00,MA,{},,,0,,f,t
88232268-4509-4180-90df-60427659ea1f,,Mozambique,,Mozambique,https://flagcdn.com/w160/mz.png,,,,,,2026-08-16 21:39:04.938983+00,2026-08-16 21:39:04.938983+00,MZ,{},,,0,,f,t
b892aac6-0ddd-45f1-a3e8-2c8224935c36,,Namibia,,Namibia,https://flagcdn.com/w160/na.png,,,,,,2026-08-16 21:39:04.938983+00,2026-08-16 21:39:04.938983+00,NA,{},,,0,,f,t
0cd27428-410e-41fd-81a6-53620888ff82,,Niger,,Niger,https://flagcdn.com/w160/ne.png,,,,,,2026-08-16 21:39:04.938983+00,2026-08-16 21:39:04.938983+00,NE,{},,,0,,f,t
456b80a7-4b05-4255-8db6-89d82dab760a,,Nigeria,,Nigeria,https://flagcdn.com/w160/ng.png,,,,,,2026-08-16 21:39:04.938983+00,2026-08-16 21:39:04.938983+00,NG,{},,,0,,f,t
18f61918-288d-4132-a9b6-8cb6076f08e6,,Rwanda,,Rwanda,https://flagcdn.com/w160/rw.png,,,,,,2026-08-16 21:39:04.938983+00,2026-08-16 21:39:04.938983+00,RW,{},,,0,,f,t
27f62514-8aab-4577-a518-699027841844,,Sao Tome and Principe,,Sao Tome and Principe,https://flagcdn.com/w160/st.png,,,,,,2026-08-16 21:39:04.938983+00,2026-08-16 21:39:04.938983+00,ST,{},,,0,,f,t
a2a78b4e-205a-48c4-9adc-dc35d75a35ee,,Senegal,,Senegal,https://flagcdn.com/w160/sn.png,,,,,,2026-08-16 21:39:04.938983+00,2026-08-16 21:39:04.938983+00,SN,{},,,0,,f,t
f84c0de3-9f00-4965-80b7-d06da66420ac,,Seychelles,,Seychelles,https://flagcdn.com/w160/sc.png,,,,,,2026-08-16 21:39:04.938983+00,2026-08-16 21:39:04.938983+00,SC,{},,,0,,f,t
9cd04a45-0f44-486a-9c12-7b4efc412dd4,,Sierra Leone,,Sierra Leone,https://flagcdn.com/w160/sl.png,,,,,,2026-08-16 21:39:04.938983+00,2026-08-16 21:39:04.938983+00,SL,{},,,0,,f,t
1a2b5433-c6b3-4630-99a6-b038b5336641,,Somalia,,Somalia,https://flagcdn.com/w160/so.png,,,,,,2026-08-16 21:39:04.938983+00,2026-08-16 21:39:04.938983+00,SO,{},,,0,,f,t
22d65f63-7ed2-4726-b953-029299d267cc,,South Africa,,South Africa,https://flagcdn.com/w160/za.png,,,,,,2026-08-16 21:39:04.938983+00,2026-08-16 21:39:04.938983+00,ZA,{},,,0,,f,t
5c9d5e67-12c4-46a7-82cd-490a38bf0a9f,,South Sudan,,South Sudan,https://flagcdn.com/w160/ss.png,,,,,,2026-08-16 21:39:04.938983+00,2026-08-16 21:39:04.938983+00,SS,{},,,0,,f,t
64f3ac8c-5582-4b8b-b8cf-cb3613a2d1f9,,Sudan,,Sudan,https://flagcdn.com/w160/sd.png,,,,,,2026-08-16 21:39:04.938983+00,2026-08-16 21:39:04.938983+00,SD,{},,,0,,f,t
0d28d795-1df5-40a9-85d6-6d0cbd245efd,,Tanzania,,Tanzania,https://flagcdn.com/w160/tz.png,,,,,,2026-08-16 21:39:04.938983+00,2026-08-16 21:39:04.938983+00,TZ,{},,,0,,f,t
f9650971-7bd3-4e5f-854d-cecb5f483928,,Togo,,Togo,https://flagcdn.com/w160/tg.png,,,,,,2026-08-16 21:39:04.938983+00,2026-08-16 21:39:04.938983+00,TG,{},,,0,,f,t
742406ae-8fda-4867-92fa-17f94f073ac7,,Tunisia,,Tunisia,https://flagcdn.com/w160/tn.png,,,,,,2026-08-16 21:39:04.938983+00,2026-08-16 21:39:04.938983+00,TN,{},,,0,,f,t
94e23f6f-f320-478f-ae98-cee5d900b51d,,Uganda,,Uganda,https://flagcdn.com/w160/ug.png,,,,,,2026-08-16 21:39:04.938983+00,2026-08-16 21:39:04.938983+00,UG,{},,,0,,f,t
46288b7b-452f-43b8-ba45-0f1361275db5,,Zambia,,Zambia,https://flagcdn.com/w160/zm.png,,,,,,2026-08-16 21:39:04.938983+00,2026-08-16 21:39:04.938983+00,ZM,{},,,0,,f,t
c0004ac3-4ccf-42c0-85c3-a495d025a7ed,,Zimbabwe,,Zimbabwe,https://flagcdn.com/w160/zw.png,,,,,,2026-08-16 21:39:04.938983+00,2026-08-16 21:39:04.938983+00,ZW,{},,,0,,f,t
322b9ae1-108a-4d3a-bd26-a4ee4b029226,,Anguilla,,Anguilla,https://flagcdn.com/w160/ai.png,,,,,,2026-08-16 21:39:04.938983+00,2026-08-16 21:39:04.938983+00,AI,{},,,0,,f,t
f0259f45-d2e6-43dc-adc3-3e5803349617,,Antigua and Barbuda,,Antigua and Barbuda,https://flagcdn.com/w160/ag.png,,,,,,2026-08-16 21:39:04.938983+00,2026-08-16 21:39:04.938983+00,AG,{},,,0,,f,t
f4b1e6ca-4bc8-4643-99cc-d28de0606972,,Aruba,,Aruba,https://flagcdn.com/w160/aw.png,,,,,,2026-08-16 21:39:04.938983+00,2026-08-16 21:39:04.938983+00,AW,{},,,0,,f,t
e94e67ad-8380-4041-8fcd-8edc5e41207b,,Bahamas,,Bahamas,https://flagcdn.com/w160/bs.png,,,,,,2026-08-16 21:39:04.938983+00,2026-08-16 21:39:04.938983+00,BS,{},,,0,,f,t
52ff6697-5f3a-4302-a361-a5b79a562d4b,,Barbados,,Barbados,https://flagcdn.com/w160/bb.png,,,,,,2026-08-16 21:39:04.938983+00,2026-08-16 21:39:04.938983+00,BB,{},,,0,,f,t
c6fee7b3-b140-42c1-8360-bb7104573761,,Belize,,Belize,https://flagcdn.com/w160/bz.png,,,,,,2026-08-16 21:39:04.938983+00,2026-08-16 21:39:04.938983+00,BZ,{},,,0,,f,t
37453ccb-cd67-4715-a33b-9b47355ff00c,,Bermuda,,Bermuda,https://flagcdn.com/w160/bm.png,,,,,,2026-08-16 21:39:04.938983+00,2026-08-16 21:39:04.938983+00,BM,{},,,0,,f,t
b8622d9a-5967-42bb-966a-e92cb1450e5d,,British Virgin Islands,,British Virgin Islands,https://flagcdn.com/w160/vg.png,,,,,,2026-08-16 21:39:04.938983+00,2026-08-16 21:39:04.938983+00,VG,{},,,0,,f,t
d100f2fd-4b76-4421-a1ce-12f0a8cff8fa,,Canada,,Canada,https://flagcdn.com/w160/ca.png,,,,,,2026-08-16 21:39:04.938983+00,2026-08-16 21:39:04.938983+00,CA,{},,,0,,f,t
96dbd338-cebe-4e18-bdd6-8b33c2c3ba80,,Cayman Islands,,Cayman Islands,https://flagcdn.com/w160/ky.png,,,,,,2026-08-16 21:39:04.938983+00,2026-08-16 21:39:04.938983+00,KY,{},,,0,,f,t
0ea4c564-7afe-4658-8242-808aad33abdf,,Costa Rica,,Costa Rica,https://flagcdn.com/w160/cr.png,,,,,,2026-08-16 21:39:04.938983+00,2026-08-16 21:39:04.938983+00,CR,{},,,0,,f,t
e9b59358-18e4-47f7-8dcd-42c3dff1ab3d,,Cuba,,Cuba,https://flagcdn.com/w160/cu.png,,,,,,2026-08-16 21:39:04.938983+00,2026-08-16 21:39:04.938983+00,CU,{},,,0,,f,t
d27b865b-d3ea-44f7-84c7-00721a7c59bb,,Curacao,,Curacao,https://flagcdn.com/w160/cw.png,,,,,,2026-08-16 21:39:04.938983+00,2026-08-16 21:39:04.938983+00,CW,{},,,0,,f,t
d0c30789-665c-4795-9ef9-75debee5a6ca,,Dominica,,Dominica,https://flagcdn.com/w160/dm.png,,,,,,2026-08-16 21:39:04.938983+00,2026-08-16 21:39:04.938983+00,DM,{},,,0,,f,t
5c8e551c-a63a-472f-bd8a-8a566b011eff,,Dominican Republic,,Dominican Republic,https://flagcdn.com/w160/do.png,,,,,,2026-08-16 21:39:04.938983+00,2026-08-16 21:39:04.938983+00,DO,{},,,0,,f,t
360f8339-1e5d-4a36-9a07-5985bbe3a8b2,,El Salvador,,El Salvador,https://flagcdn.com/w160/sv.png,,,,,,2026-08-16 21:39:04.938983+00,2026-08-16 21:39:04.938983+00,SV,{},,,0,,f,t
ddedd2a9-bca9-42e5-baa6-0f6abeb463f3,,Grenada,,Grenada,https://flagcdn.com/w160/gd.png,,,,,,2026-08-16 21:39:04.938983+00,2026-08-16 21:39:04.938983+00,GD,{},,,0,,f,t
d22c7012-6f7f-42cc-b0f3-858b51dd5d8b,,Guatemala,,Guatemala,https://flagcdn.com/w160/gt.png,,,,,,2026-08-16 21:39:04.938983+00,2026-08-16 21:39:04.938983+00,GT,{},,,0,,f,t
f6798334-1a06-4e77-a477-dd35fbf1252a,,Guyana,,Guyana,https://flagcdn.com/w160/gy.png,,,,,,2026-08-16 21:39:04.938983+00,2026-08-16 21:39:04.938983+00,GY,{},,,0,,f,t
4fdd5ad8-7428-49a0-8b3b-43a06c062324,,Haiti,,Haiti,https://flagcdn.com/w160/ht.png,,,,,,2026-08-16 21:39:04.938983+00,2026-08-16 21:39:04.938983+00,HT,{},,,0,,f,t
d1ec1c83-d99b-475f-b927-f54cad9ee9aa,,Honduras,,Honduras,https://flagcdn.com/w160/hn.png,,,,,,2026-08-16 21:39:04.938983+00,2026-08-16 21:39:04.938983+00,HN,{},,,0,,f,t
950fffff-c37f-4fb9-8abc-4c603e56a0fd,,Jamaica,,Jamaica,https://flagcdn.com/w160/jm.png,,,,,,2026-08-16 21:39:04.938983+00,2026-08-16 21:39:04.938983+00,JM,{},,,0,,f,t
f212bf6e-87a5-44e0-b9e0-70a7ad9c765f,,Mexico,,Mexico,https://flagcdn.com/w160/mx.png,,,,,,2026-08-16 21:39:04.938983+00,2026-08-16 21:39:04.938983+00,MX,{},,,0,,f,t
bfbeb385-13cc-4f3f-89ce-586e607ec152,,Montserrat,,Montserrat,https://flagcdn.com/w160/ms.png,,,,,,2026-08-16 21:39:04.938983+00,2026-08-16 21:39:04.938983+00,MS,{},,,0,,f,t
ce1e0fef-79f6-4216-a3d2-dcb004c25d1b,,Nicaragua,,Nicaragua,https://flagcdn.com/w160/ni.png,,,,,,2026-08-16 21:39:04.938983+00,2026-08-16 21:39:04.938983+00,NI,{},,,0,,f,t
f0ff0a04-a7fc-4cf2-8759-aab68d38024b,,Panama,,Panama,https://flagcdn.com/w160/pa.png,,,,,,2026-08-16 21:39:04.938983+00,2026-08-16 21:39:04.938983+00,PA,{},,,0,,f,t
d9bfa0c5-378c-4116-8aba-5a0e68b7e5ef,,Puerto Rico,,Puerto Rico,https://flagcdn.com/w160/pr.png,,,,,,2026-08-16 21:39:04.938983+00,2026-08-16 21:39:04.938983+00,PR,{},,,0,,f,t
0f70d61c-34da-4007-81c4-2125707a314e,,St Kitts and Nevis,,St Kitts and Nevis,https://flagcdn.com/w160/kn.png,,,,,,2026-08-16 21:39:04.938983+00,2026-08-16 21:39:04.938983+00,KN,{},,,0,,f,t
5f0aa450-208b-4417-82e1-0550191c2a46,,St Lucia,,St Lucia,https://flagcdn.com/w160/lc.png,,,,,,2026-08-16 21:39:04.938983+00,2026-08-16 21:39:04.938983+00,LC,{},,,0,,f,t
2eda91b8-0aa2-4ce6-9479-1c24dfe5e1ec,,St Vincent and the Grenadines,,St Vincent and the Grenadines,https://flagcdn.com/w160/vc.png,,,,,,2026-08-16 21:39:04.938983+00,2026-08-16 21:39:04.938983+00,VC,{},,,0,,f,t
208c603b-efd3-4a84-86c8-2cd15a4e37f2,,Suriname,,Suriname,https://flagcdn.com/w160/sr.png,,,,,,2026-08-16 21:39:04.938983+00,2026-08-16 21:39:04.938983+00,SR,{},,,0,,f,t
8803229d-c95c-4330-9974-64f5e560e421,,Trinidad and Tobago,,Trinidad and Tobago,https://flagcdn.com/w160/tt.png,,,,,,2026-08-16 21:39:04.938983+00,2026-08-16 21:39:04.938983+00,TT,{},,,0,,f,t
7091fe02-42d5-40b7-a2fe-7811d18e109b,,Turks and Caicos Islands,,Turks and Caicos Islands,https://flagcdn.com/w160/tc.png,,,,,,2026-08-16 21:39:04.938983+00,2026-08-16 21:39:04.938983+00,TC,{},,,0,,f,t
53043c80-3bf9-42a8-9a8d-b47e9b74c4dc,,United States,,United States,https://flagcdn.com/w160/us.png,,,,,,2026-08-16 21:39:04.938983+00,2026-08-16 21:39:04.938983+00,US,{},,,0,,f,t
ca18fdc8-4573-4ef0-bed8-5e1eab0d6afc,,US Virgin Islands,,US Virgin Islands,https://flagcdn.com/w160/vi.png,,,,,,2026-08-16 21:39:04.938983+00,2026-08-16 21:39:04.938983+00,VI,{},,,0,,f,t
454a0946-d08c-40c9-a5b8-26909cd7ed91,,Sint Maarten,,Sint Maarten,https://flagcdn.com/w160/sx.png,,,,,,2026-08-16 21:39:04.938983+00,2026-08-16 21:39:04.938983+00,SX,{},,,0,,f,t
b97afae2-11de-41f8-adee-d05fed8ee21d,,Argentina,,Argentina,https://flagcdn.com/w160/ar.png,,,,,,2026-08-16 21:39:04.938983+00,2026-08-16 21:39:04.938983+00,AR,{},,,0,,f,t
3d2935cb-3242-4807-b807-f9ea9b875dc4,,Bolivia,,Bolivia,https://flagcdn.com/w160/bo.png,,,,,,2026-08-16 21:39:04.938983+00,2026-08-16 21:39:04.938983+00,BO,{},,,0,,f,t
a123dc60-d20f-49aa-aff0-3ea13abaac28,,Brazil,,Brazil,https://flagcdn.com/w160/br.png,,,,,,2026-08-16 21:39:04.938983+00,2026-08-16 21:39:04.938983+00,BR,{},,,0,,f,t
cbf19db5-2fc6-4183-bf29-19a2ef716ab6,,Chile,,Chile,https://flagcdn.com/w160/cl.png,,,,,,2026-08-16 21:39:04.938983+00,2026-08-16 21:39:04.938983+00,CL,{},,,0,,f,t
12b3ae65-5618-45d8-8da6-c421fd20dc5a,,Colombia,,Colombia,https://flagcdn.com/w160/co.png,,,,,,2026-08-16 21:39:04.938983+00,2026-08-16 21:39:04.938983+00,CO,{},,,0,,f,t
12d9f8fa-6db2-4587-bc6b-553bf13123e3,,Ecuador,,Ecuador,https://flagcdn.com/w160/ec.png,,,,,,2026-08-16 21:39:04.938983+00,2026-08-16 21:39:04.938983+00,EC,{},,,0,,f,t
8cdc2178-7221-4548-a717-b21fc2443928,,Paraguay,,Paraguay,https://flagcdn.com/w160/py.png,,,,,,2026-08-16 21:39:04.938983+00,2026-08-16 21:39:04.938983+00,PY,{},,,0,,f,t
188a4c72-d09f-46d3-a9fa-645cc19d7511,,Peru,,Peru,https://flagcdn.com/w160/pe.png,,,,,,2026-08-16 21:39:04.938983+00,2026-08-16 21:39:04.938983+00,PE,{},,,0,,f,t
df77c11d-0f74-4a20-9d19-7e6c9a1f9250,,Uruguay,,Uruguay,https://flagcdn.com/w160/uy.png,,,,,,2026-08-16 21:39:04.938983+00,2026-08-16 21:39:04.938983+00,UY,{},,,0,,f,t
a4c13a96-5522-4ce7-84f7-7d2f31ff5eae,,Venezuela,,Venezuela,https://flagcdn.com/w160/ve.png,,,,,,2026-08-16 21:39:04.938983+00,2026-08-16 21:39:04.938983+00,VE,{},,,0,,f,t
ff5d4e0d-b21f-4eb5-802f-08171ea4c1d1,,American Samoa,,American Samoa,https://flagcdn.com/w160/as.png,,,,,,2026-08-16 21:39:04.938983+00,2026-08-16 21:39:04.938983+00,AS,{},,,0,,f,t
f48c5952-6742-490a-9889-7903bb7e19a6,,Cook Islands,,Cook Islands,https://flagcdn.com/w160/ck.png,,,,,,2026-08-16 21:39:04.938983+00,2026-08-16 21:39:04.938983+00,CK,{},,,0,,f,t
674945fc-197d-4e07-8f23-117dfe1bd73d,,Fiji,,Fiji,https://flagcdn.com/w160/fj.png,,,,,,2026-08-16 21:39:04.938983+00,2026-08-16 21:39:04.938983+00,FJ,{},,,0,,f,t
a2615f47-dedb-4b26-9204-65ee376c5616,,New Caledonia,,New Caledonia,https://flagcdn.com/w160/nc.png,,,,,,2026-08-16 21:39:04.938983+00,2026-08-16 21:39:04.938983+00,NC,{},,,0,,f,t
351818af-82a1-4343-8856-bc7e7d54c23a,,New Zealand,,New Zealand,https://flagcdn.com/w160/nz.png,,,,,,2026-08-16 21:39:04.938983+00,2026-08-16 21:39:04.938983+00,NZ,{},,,0,,f,t
1cbf1cb1-a6e8-4ea5-8bad-ce8047378ed3,,Papua New Guinea,,Papua New Guinea,https://flagcdn.com/w160/pg.png,,,,,,2026-08-16 21:39:04.938983+00,2026-08-16 21:39:04.938983+00,PG,{},,,0,,f,t
015e965b-0b9d-476b-aef1-d786572f1ff9,,Samoa,,Samoa,https://flagcdn.com/w160/ws.png,,,,,,2026-08-16 21:39:04.938983+00,2026-08-16 21:39:04.938983+00,WS,{},,,0,,f,t
b582ad02-7d85-49a2-95cd-5ec1f9b24a93,,Solomon Islands,,Solomon Islands,https://flagcdn.com/w160/sb.png,,,,,,2026-08-16 21:39:04.938983+00,2026-08-16 21:39:04.938983+00,SB,{},,,0,,f,t
27ad7e42-fe05-4fe1-9867-14edd530e4a5,,Tonga,,Tonga,https://flagcdn.com/w160/to.png,,,,,,2026-08-16 21:39:04.938983+00,2026-08-16 21:39:04.938983+00,TO,{},,,0,,f,t
4ec53530-f53b-44f5-8b9b-1b20b8cbcb44,,Vanuatu,,Vanuatu,https://flagcdn.com/w160/vu.png,,,,,,2026-08-16 21:39:04.938983+00,2026-08-16 21:39:04.938983+00,VU,{},,,0,,f,t
1569e219-854e-4747-bae2-b368f83d1470,,Albania,,Albania,https://flagcdn.com/w160/al.png,,,,,,2026-08-16 21:39:04.938983+00,2026-08-16 21:39:04.938983+00,AL,{},,,0,,f,t
ed9848f2-a97d-4977-bf86-60d70eb0afe2,,Andorra,,Andorra,https://flagcdn.com/w160/ad.png,,,,,,2026-08-16 21:39:04.938983+00,2026-08-16 21:39:04.938983+00,AD,{},,,0,,f,t
732c0122-0420-4428-a14d-c13860960473,,Armenia,,Armenia,https://flagcdn.com/w160/am.png,,,,,,2026-08-16 21:39:04.938983+00,2026-08-16 21:39:04.938983+00,AM,{},,,0,,f,t
ae530480-210b-4d29-b5c8-c0d4d5e47794,,Austria,,Austria,https://flagcdn.com/w160/at.png,,,,,,2026-08-16 21:39:04.938983+00,2026-08-16 21:39:04.938983+00,AT,{},,,0,,f,t
40dbc287-0e37-4de8-bb37-61a01b6e0f9c,,Azerbaijan,,Azerbaijan,https://flagcdn.com/w160/az.png,,,,,,2026-08-16 21:39:04.938983+00,2026-08-16 21:39:04.938983+00,AZ,{},,,0,,f,t
bc2112c7-f6f7-4f10-aed5-b8ccb17cba1d,,Belarus,,Belarus,https://flagcdn.com/w160/by.png,,,,,,2026-08-16 21:39:04.938983+00,2026-08-16 21:39:04.938983+00,BY,{},,,0,,f,t
5be8c8f1-4857-49e3-92fe-6bb46d2261bf,,Belgium,,Belgium,https://flagcdn.com/w160/be.png,,,,,,2026-08-16 21:39:04.938983+00,2026-08-16 21:39:04.938983+00,BE,{},,,0,,f,t
27f276e4-ced9-4591-853a-54fa7827cfbd,,Bosnia and Herzegovina,,Bosnia and Herzegovina,https://flagcdn.com/w160/ba.png,,,,,,2026-08-16 21:39:04.938983+00,2026-08-16 21:39:04.938983+00,BA,{},,,0,,f,t
6415151f-476f-4fd6-abf5-e01be545b18e,,Bulgaria,,Bulgaria,https://flagcdn.com/w160/bg.png,,,,,,2026-08-16 21:39:04.938983+00,2026-08-16 21:39:04.938983+00,BG,{},,,0,,f,t
b7e54415-5413-4770-aa84-6c04b9947581,,Croatia,,Croatia,https://flagcdn.com/w160/hr.png,,,,,,2026-08-16 21:39:04.938983+00,2026-08-16 21:39:04.938983+00,HR,{},,,0,,f,t
f9b26b6c-a0de-4c96-9a1a-08dbcbc203a8,,Cyprus,,Cyprus,https://flagcdn.com/w160/cy.png,,,,,,2026-08-16 21:39:04.938983+00,2026-08-16 21:39:04.938983+00,CY,{},,,0,,f,t
776adac9-c466-4392-86a6-359395a1285d,,Czechia,,Czechia,https://flagcdn.com/w160/cz.png,,,,,,2026-08-16 21:39:04.938983+00,2026-08-16 21:39:04.938983+00,CZ,{},,,0,,f,t
ab3f87d8-bc1c-49ef-b5db-db6be3b209be,,Denmark,,Denmark,https://flagcdn.com/w160/dk.png,,,,,,2026-08-16 21:39:04.938983+00,2026-08-16 21:39:04.938983+00,DK,{},,,0,,f,t
e0b335f1-def2-41a9-a276-41f67791eab4,,England,,England,https://flagcdn.com/w160/gb-eng.png,,,,,,2026-08-16 21:39:04.938983+00,2026-08-16 21:39:04.938983+00,GB-ENG,{},,,0,,f,t
98526814-47e4-4ac0-9e90-5120d3d5ce37,,Estonia,,Estonia,https://flagcdn.com/w160/ee.png,,,,,,2026-08-16 21:39:04.938983+00,2026-08-16 21:39:04.938983+00,EE,{},,,0,,f,t
5fb8099a-611b-48ab-b5ed-b898f409bb4b,,Faroe Islands,,Faroe Islands,https://flagcdn.com/w160/fo.png,,,,,,2026-08-16 21:39:04.938983+00,2026-08-16 21:39:04.938983+00,FO,{},,,0,,f,t
cc96ef1c-a537-444a-ae2d-1af60146ff12,,Finland,,Finland,https://flagcdn.com/w160/fi.png,,,,,,2026-08-16 21:39:04.938983+00,2026-08-16 21:39:04.938983+00,FI,{},,,0,,f,t
308efb9e-2cbd-47cb-b941-6e39584f2411,,France,,France,https://flagcdn.com/w160/fr.png,,,,,,2026-08-16 21:39:04.938983+00,2026-08-16 21:39:04.938983+00,FR,{},,,0,,f,t
de9d2c44-7298-4851-85ac-e79e86959582,,Georgia,,Georgia,https://flagcdn.com/w160/ge.png,,,,,,2026-08-16 21:39:04.938983+00,2026-08-16 21:39:04.938983+00,GE,{},,,0,,f,t
ae08de68-9446-4b7d-9631-1d98ea432d6a,,Germany,,Germany,https://flagcdn.com/w160/de.png,,,,,,2026-08-16 21:39:04.938983+00,2026-08-16 21:39:04.938983+00,DE,{},,,0,,f,t
35dd8c13-bdf4-4975-b1bc-d81d8059082a,,Gibraltar,,Gibraltar,https://flagcdn.com/w160/gi.png,,,,,,2026-08-16 21:39:04.938983+00,2026-08-16 21:39:04.938983+00,GI,{},,,0,,f,t
56e80c19-3315-4d25-a5fc-0733430ccf4c,,Greece,,Greece,https://flagcdn.com/w160/gr.png,,,,,,2026-08-16 21:39:04.938983+00,2026-08-16 21:39:04.938983+00,GR,{},,,0,,f,t
4f404106-6c17-43c7-8a43-708953192611,,Hungary,,Hungary,https://flagcdn.com/w160/hu.png,,,,,,2026-08-16 21:39:04.938983+00,2026-08-16 21:39:04.938983+00,HU,{},,,0,,f,t
6009337c-d672-4ee1-9098-489c31cdff38,,Iceland,,Iceland,https://flagcdn.com/w160/is.png,,,,,,2026-08-16 21:39:04.938983+00,2026-08-16 21:39:04.938983+00,IS,{},,,0,,f,t
12af854e-8c01-4e1d-90e2-5fbfada1863c,,Italy,,Italy,https://flagcdn.com/w160/it.png,,,,,,2026-08-16 21:39:04.938983+00,2026-08-16 21:39:04.938983+00,IT,{},,,0,,f,t
855596e2-7eaa-4039-913f-8acb6eb4869f,,Kazakhstan,,Kazakhstan,https://flagcdn.com/w160/kz.png,,,,,,2026-08-16 21:39:04.938983+00,2026-08-16 21:39:04.938983+00,KZ,{},,,0,,f,t
e8ee5b1c-ccb5-4fbc-b819-0213cd5a1e0a,,Kosovo,,Kosovo,https://flagcdn.com/w160/xk.png,,,,,,2026-08-16 21:39:04.938983+00,2026-08-16 21:39:04.938983+00,XK,{},,,0,,f,t
b2f4a487-6b09-43ab-ac0a-3496ec1261f7,,Latvia,,Latvia,https://flagcdn.com/w160/lv.png,,,,,,2026-08-16 21:39:04.938983+00,2026-08-16 21:39:04.938983+00,LV,{},,,0,,f,t
abc5830b-067f-4843-88b1-b5678cb4313f,,Liechtenstein,,Liechtenstein,https://flagcdn.com/w160/li.png,,,,,,2026-08-16 21:39:04.938983+00,2026-08-16 21:39:04.938983+00,LI,{},,,0,,f,t
d1f6f64c-0464-4a45-82cb-080550b09316,,Lithuania,,Lithuania,https://flagcdn.com/w160/lt.png,,,,,,2026-08-16 21:39:04.938983+00,2026-08-16 21:39:04.938983+00,LT,{},,,0,,f,t
abc1a4a0-056b-4d12-95ea-815c08cd29f0,,Luxembourg,,Luxembourg,https://flagcdn.com/w160/lu.png,,,,,,2026-08-16 21:39:04.938983+00,2026-08-16 21:39:04.938983+00,LU,{},,,0,,f,t
c95c641b-1d76-4391-bb2a-9574f1f5aa3b,,Malta,,Malta,https://flagcdn.com/w160/mt.png,,,,,,2026-08-16 21:39:04.938983+00,2026-08-16 21:39:04.938983+00,MT,{},,,0,,f,t
502cd0b6-0886-4b2b-8a39-f03d2b966c05,,Moldova,,Moldova,https://flagcdn.com/w160/md.png,,,,,,2026-08-16 21:39:04.938983+00,2026-08-16 21:39:04.938983+00,MD,{},,,0,,f,t
477d59e1-c5d7-47b3-86f1-cf1195a896f7,,Montenegro,,Montenegro,https://flagcdn.com/w160/me.png,,,,,,2026-08-16 21:39:04.938983+00,2026-08-16 21:39:04.938983+00,ME,{},,,0,,f,t
897eee86-62fe-4acb-86ea-77d3a376fa2c,,Netherlands,,Netherlands,https://flagcdn.com/w160/nl.png,,,,,,2026-08-16 21:39:04.938983+00,2026-08-16 21:39:04.938983+00,NL,{},,,0,,f,t
7a1b4792-46fa-44ba-834d-70127f15ad85,,North Macedonia,,North Macedonia,https://flagcdn.com/w160/mk.png,,,,,,2026-08-16 21:39:04.938983+00,2026-08-16 21:39:04.938983+00,MK,{},,,0,,f,t
3b59e0d9-a1c2-48f4-93c2-858f6bec1b7f,,Northern Ireland,,Northern Ireland,https://flagcdn.com/w160/gb-nir.png,,,,,,2026-08-16 21:39:04.938983+00,2026-08-16 21:39:04.938983+00,GB-NIR,{},,,0,,f,t
557b1d8b-6a63-4252-b213-b2e8a19e8537,,Norway,,Norway,https://flagcdn.com/w160/no.png,,,,,,2026-08-16 21:39:04.938983+00,2026-08-16 21:39:04.938983+00,NO,{},,,0,,f,t
46ba4589-dd10-4459-ba50-b9d0530f1221,,Poland,,Poland,https://flagcdn.com/w160/pl.png,,,,,,2026-08-16 21:39:04.938983+00,2026-08-16 21:39:04.938983+00,PL,{},,,0,,f,t
53446375-bc9f-4b32-9959-520edf9279d7,,Portugal,,Portugal,https://flagcdn.com/w160/pt.png,,,,,,2026-08-16 21:39:04.938983+00,2026-08-16 21:39:04.938983+00,PT,{},,,0,,f,t
9f0697b9-3539-416c-a432-1683dde5acaf,,Ireland,,Ireland,https://flagcdn.com/w160/ie.png,,,,,,2026-08-16 21:39:04.938983+00,2026-08-16 21:39:04.938983+00,IE,{},,,0,,f,t
84149db2-15cc-4ff3-915c-12a625e2b575,,Romania,,Romania,https://flagcdn.com/w160/ro.png,,,,,,2026-08-16 21:39:04.938983+00,2026-08-16 21:39:04.938983+00,RO,{},,,0,,f,t
04453d0b-5b40-46a3-b8e6-e418a4d1dcf5,,Russia,,Russia,https://flagcdn.com/w160/ru.png,,,,,,2026-08-16 21:39:04.938983+00,2026-08-16 21:39:04.938983+00,RU,{},,,0,,f,t
111aa510-6c97-4ede-b7ff-bb0fd3120ee5,,San Marino,,San Marino,https://flagcdn.com/w160/sm.png,,,,,,2026-08-16 21:39:04.938983+00,2026-08-16 21:39:04.938983+00,SM,{},,,0,,f,t
86a2716d-38b7-4bee-b0c9-74f7cc1f6e6a,,Scotland,,Scotland,https://flagcdn.com/w160/gb-sct.png,,,,,,2026-08-16 21:39:04.938983+00,2026-08-16 21:39:04.938983+00,GB-SCT,{},,,0,,f,t
7067ef63-fd48-4bd1-8560-5a900f4a8cbb,,Serbia,,Serbia,https://flagcdn.com/w160/rs.png,,,,,,2026-08-16 21:39:04.938983+00,2026-08-16 21:39:04.938983+00,RS,{},,,0,,f,t
c25283b9-9286-44d0-b4bd-1c9410e4f970,,Slovakia,,Slovakia,https://flagcdn.com/w160/sk.png,,,,,,2026-08-16 21:39:04.938983+00,2026-08-16 21:39:04.938983+00,SK,{},,,0,,f,t
4a77087a-0604-4fa4-8f04-8eb2945ac444,,Slovenia,,Slovenia,https://flagcdn.com/w160/si.png,,,,,,2026-08-16 21:39:04.938983+00,2026-08-16 21:39:04.938983+00,SI,{},,,0,,f,t
862a0421-a141-4430-85f9-2fb29e9ab90d,,Spain,,Spain,https://flagcdn.com/w160/es.png,,,,,,2026-08-16 21:39:04.938983+00,2026-08-16 21:39:04.938983+00,ES,{},,,0,,f,t
2cd06c9f-4d4a-46aa-8360-7b048191ff8c,,Sweden,,Sweden,https://flagcdn.com/w160/se.png,,,,,,2026-08-16 21:39:04.938983+00,2026-08-16 21:39:04.938983+00,SE,{},,,0,,f,t
d97dcec4-be1c-432b-b1f0-3175f8844933,,Switzerland,,Switzerland,https://flagcdn.com/w160/ch.png,,,,,,2026-08-16 21:39:04.938983+00,2026-08-16 21:39:04.938983+00,CH,{},,,0,,f,t
ccaba651-ad56-4827-9a8d-276890a4decf,,Turkiye,,Turkiye,https://flagcdn.com/w160/tr.png,,,,,,2026-08-16 21:39:04.938983+00,2026-08-16 21:39:04.938983+00,TR,{},,,0,,f,t
7d064a75-e5a6-410b-90a0-28af673f6846,,Ukraine,,Ukraine,https://flagcdn.com/w160/ua.png,,,,,,2026-08-16 21:39:04.938983+00,2026-08-16 21:39:04.938983+00,UA,{},,,0,,f,t
cc3ec1c1-07dc-4762-acad-b06a28816849,,Wales,,Wales,https://flagcdn.com/w160/gb-wls.png,,,,,,2026-08-16 21:39:04.938983+00,2026-08-16 21:39:04.938983+00,GB-WLS,{},,,0,,f,t
e06e9326-d05d-49f5-870e-8904723d885d,246d74c1-2746-40bf-ad75-cdff6fb0fe0e,United Arab Emirates,,United Arab Emirates,https://ontmfbptthwipfzlywwh.supabase.co/storage/v1/object/sign/team-logos/ba0e2dfb-ac93-4f6a-8308-9596d6058ebf.png?token=eyJraWQiOiJzdG9yYWdlLXVybC1zaWduaW5nLWtleV9hODVlNGZkYi1iOWRjLTQ2NWUtOGNiNy0xZjRiZmY0OWJiMjciLCJhbGciOiJIUzI1NiJ9.eyJ1cmwiOiJ0ZWFtLWxvZ29zL2JhMGUyZGZiLWFjOTMtNGY2YS04MzA4LTk1OTZkNjA1OGViZi5wbmciLCJzY29wZSI6ImRvd25sb2FkIiwiaWF0IjoxNzg3MTA2MjAwLCJleHAiOjE5NDQ3ODYyMDB9.khkS8Gf9CikKnNnau3CPvx9skxRz000pxsQkOjM-qMs,,,,,,2026-08-16 21:39:04.938983+00,2026-08-19 02:23:23.540618+00,AE,{},,,0,,f,t
5087f15f-2ab8-4f32-9d52-cdec449664b1,246d74c1-2746-40bf-ad75-cdff6fb0fe0e,Kuwait,KWT,Kuwait,https://ontmfbptthwipfzlywwh.supabase.co/storage/v1/object/sign/team-logos/cc43ec9b-4b16-4dfe-8866-142c32c85024.png?token=eyJraWQiOiJzdG9yYWdlLXVybC1zaWduaW5nLWtleV9hODVlNGZkYi1iOWRjLTQ2NWUtOGNiNy0xZjRiZmY0OWJiMjciLCJhbGciOiJIUzI1NiJ9.eyJ1cmwiOiJ0ZWFtLWxvZ29zL2NjNDNlYzliLTRiMTYtNGRmZS04ODY2LTE0MmMzMmM4NTAyNC5wbmciLCJzY29wZSI6ImRvd25sb2FkIiwiaWF0IjoxNzg3MTA2MTY0LCJleHAiOjE5NDQ3ODYxNjR9.v6oAOPfd2619y8-fpZhVTSW_Y2JQstr0W5wpn3-3B9U,,,Jaber Al Ahmad International Stadium,Al Ardiya,,2026-08-16 21:39:04.938983+00,2026-08-19 02:22:46.667412+00,KW,{},,1961-02-25,12,Sheikh Ahmad Al Yousef Al Sabah,f,t
44887540-58a4-40e1-b34d-48460b3aa821,246d74c1-2746-40bf-ad75-cdff6fb0fe0e,Oman,,Oman,https://ontmfbptthwipfzlywwh.supabase.co/storage/v1/object/sign/team-logos/152d81f8-d1b9-468c-a9b3-ea25b137dc6b.png?token=eyJraWQiOiJzdG9yYWdlLXVybC1zaWduaW5nLWtleV9hODVlNGZkYi1iOWRjLTQ2NWUtOGNiNy0xZjRiZmY0OWJiMjciLCJhbGciOiJIUzI1NiJ9.eyJ1cmwiOiJ0ZWFtLWxvZ29zLzE1MmQ4MWY4LWQxYjktNDY4Yy1hOWIzLWVhMjViMTM3ZGM2Yi5wbmciLCJzY29wZSI6ImRvd25sb2FkIiwiaWF0IjoxNzg3MTA2MTczLCJleHAiOjE5NDQ3ODYxNzN9.QK28VBg7QqHd4k3FGqjwSdVsjrkyg5g2xN3B0FZ6MWM,,,,,,2026-08-16 21:39:04.938983+00,2026-08-19 02:22:55.670118+00,OM,{},,,0,,f,t
c6c817b2-8f2c-499c-b02a-34f7736579df,246d74c1-2746-40bf-ad75-cdff6fb0fe0e,Qatar,,Qatar,https://ontmfbptthwipfzlywwh.supabase.co/storage/v1/object/sign/team-logos/01906d02-17de-498b-a129-40ea1e41e91e.png?token=eyJraWQiOiJzdG9yYWdlLXVybC1zaWduaW5nLWtleV9hODVlNGZkYi1iOWRjLTQ2NWUtOGNiNy0xZjRiZmY0OWJiMjciLCJhbGciOiJIUzI1NiJ9.eyJ1cmwiOiJ0ZWFtLWxvZ29zLzAxOTA2ZDAyLTE3ZGUtNDk4Yi1hMTI5LTQwZWExZTQxZTkxZS5wbmciLCJzY29wZSI6ImRvd25sb2FkIiwiaWF0IjoxNzg3MTA2MTgxLCJleHAiOjE5NDQ3ODYxODF9.r3Rl-SZDEkMaJEGKY3Vcfukysjh6b1K5QC9bUYZC6Lc,,,,,,2026-08-16 21:39:04.938983+00,2026-08-19 02:23:03.83741+00,QA,{},,,0,,f,t
18da094d-7bfa-4077-932c-28123cfd0912,246d74c1-2746-40bf-ad75-cdff6fb0fe0e,Saudi Arabia,KSA,Saudi Arabia,https://ontmfbptthwipfzlywwh.supabase.co/storage/v1/object/sign/team-logos/0bb33f87-400b-45cc-b03d-c7a4289ec51b.png?token=eyJraWQiOiJzdG9yYWdlLXVybC1zaWduaW5nLWtleV9hODVlNGZkYi1iOWRjLTQ2NWUtOGNiNy0xZjRiZmY0OWJiMjciLCJhbGciOiJIUzI1NiJ9.eyJ1cmwiOiJ0ZWFtLWxvZ29zLzBiYjMzZjg3LTQwMGItNDVjYy1iMDNkLWM3YTQyODllYzUxYi5wbmciLCJzY29wZSI6ImRvd25sb2FkIiwiaWF0IjoxNzg3MTA2MTkxLCJleHAiOjE5NDQ3ODYxOTF9.dzOV5veJ-IXXRZAWtZLqqth-vIaBwBK0YGhdWNi3-fs,,,,,,2026-08-16 21:39:04.938983+00,2026-08-19 02:23:14.290009+00,SA,{},,1955-05-18,8,Yasser Al-Misehal,f,t
ab43f408-402a-4bf2-8ee9-79adbc9291ce,da2223d7-561d-4767-836a-ea3e4ace8760,Jordan,,Jordan,https://ontmfbptthwipfzlywwh.supabase.co/storage/v1/object/sign/team-logos/76c4e3a7-ba47-4aec-ab18-5d9d51dbb1ab.png?token=eyJraWQiOiJzdG9yYWdlLXVybC1zaWduaW5nLWtleV9hODVlNGZkYi1iOWRjLTQ2NWUtOGNiNy0xZjRiZmY0OWJiMjciLCJhbGciOiJIUzI1NiJ9.eyJ1cmwiOiJ0ZWFtLWxvZ29zLzc2YzRlM2E3LWJhNDctNGFlYy1hYjE4LTVkOWQ1MWRiYjFhYi5wbmciLCJzY29wZSI6ImRvd25sb2FkIiwiaWF0IjoxNzg3MTgwMzU0LCJleHAiOjE5NDQ4NjAzNTR9.NTD4dhKCKgmxhuu3VuNfyY6JAyOuSMNrr13S0Ql_nYM,,,,,,2026-08-16 21:39:04.938983+00,2026-08-19 22:59:18.175772+00,JO,{},,,0,,f,t
31f1c93a-e72b-44b6-a8b8-39d8508575f8,4cc0c0e4-24c2-40a7-9331-2a6de8b80553,Ittihad Al Shorta FC,ISH,Kuwait,https://ontmfbptthwipfzlywwh.supabase.co/storage/v1/object/sign/team-logos/729f6cc5-a32d-4cfe-8d0c-a0f4fcb5e021.png?token=eyJraWQiOiJzdG9yYWdlLXVybC1zaWduaW5nLWtleV9hODVlNGZkYi1iOWRjLTQ2NWUtOGNiNy0xZjRiZmY0OWJiMjciLCJhbGciOiJIUzI1NiJ9.eyJ1cmwiOiJ0ZWFtLWxvZ29zLzcyOWY2Y2M1LWEzMmQtNGNmZS04ZDBjLWEwZjRmY2I1ZTAyMS5wbmciLCJzY29wZSI6ImRvd25sb2FkIiwiaWF0IjoxNzg3MDAzNzM0LCJleHAiOjE5NDQ2ODM3MzR9.ntYWc7phWVqcNbASpaMwotMJQRhTcBYQsOp37pAr9NA,,,,,,2026-08-17 21:55:44.643557+00,2026-08-18 10:29:16.80856+00,KW,{https://www.instagram.com/policesportkw?igsh=cGZ5bnp6eTJzMDlx},,2026-08-17,0,General Mubarak Ali Yousef Al Sabah,f,f
2cb7f23a-1619-4c10-85bd-64752154e13c,4cc0c0e4-24c2-40a7-9331-2a6de8b80553,Al Itihad FC,ITT,Kuwait,https://ontmfbptthwipfzlywwh.supabase.co/storage/v1/object/sign/team-logos/9be206e6-3ae1-40a3-98f6-9c495058cca9.png?token=eyJraWQiOiJzdG9yYWdlLXVybC1zaWduaW5nLWtleV9hODVlNGZkYi1iOWRjLTQ2NWUtOGNiNy0xZjRiZmY0OWJiMjciLCJhbGciOiJIUzI1NiJ9.eyJ1cmwiOiJ0ZWFtLWxvZ29zLzliZTIwNmU2LTNhZTEtNDBhMy05OGY2LTljNDk1MDU4Y2NhOS5wbmciLCJzY29wZSI6ImRvd25sb2FkIiwiaWF0IjoxNzg3MDAzOTQ3LCJleHAiOjE5NDQ2ODM5NDd9.bY94yB-zABEWidokp_bk7KyTgiDkZRugRtS3_O-jNKw,,,,,,2026-08-17 21:59:13.351652+00,2026-08-18 10:29:51.65735+00,KW,{},,2026-07-09,0,Unknown ,f,f
30d428e9-3d5a-4ce6-8908-b227f9cf119c,246d74c1-2746-40bf-ad75-cdff6fb0fe0e,Yemen,,Yemen,https://ontmfbptthwipfzlywwh.supabase.co/storage/v1/object/sign/team-logos/8c17d43b-70ef-4a3a-bb60-4187affe1076.png?token=eyJraWQiOiJzdG9yYWdlLXVybC1zaWduaW5nLWtleV9hODVlNGZkYi1iOWRjLTQ2NWUtOGNiNy0xZjRiZmY0OWJiMjciLCJhbGciOiJIUzI1NiJ9.eyJ1cmwiOiJ0ZWFtLWxvZ29zLzhjMTdkNDNiLTcwZWYtNGEzYS1iYjYwLTQxODdhZmZlMTA3Ni5wbmciLCJzY29wZSI6ImRvd25sb2FkIiwiaWF0IjoxNzg3MTA2MjExLCJleHAiOjE5NDQ3ODYyMTF9.l2af0Eg9W5meMou6TiodM6wUDcSuFMviZrmBvhhKEW4,,,,,,2026-08-16 21:39:04.938983+00,2026-08-19 02:23:35.068188+00,YD,{},,,0,,f,t
c472b627-2652-4874-ba94-d43354397e28,,Al Nassr,NAS,Saudi Arabia,https://ontmfbptthwipfzlywwh.supabase.co/storage/v1/object/sign/team-logos/abb4f53c-1d09-48ee-8437-aec6f8653cc4.webp?token=eyJraWQiOiJzdG9yYWdlLXVybC1zaWduaW5nLWtleV9hODVlNGZkYi1iOWRjLTQ2NWUtOGNiNy0xZjRiZmY0OWJiMjciLCJhbGciOiJIUzI1NiJ9.eyJ1cmwiOiJ0ZWFtLWxvZ29zL2FiYjRmNTNjLTFkMDktNDhlZS04NDM3LWFlYzZmODY1M2NjNC53ZWJwIiwic2NvcGUiOiJkb3dubG9hZCIsImlhdCI6MTc4NzEwNjM3MSwiZXhwIjoxOTQ0Nzg2MzcxfQ.AIr0z3AJJzfFAUjIUmsZk4ze41F0u-Lh5HA3uZeOTp4,,,,,,2026-08-19 02:26:15.639427+00,2026-08-19 02:26:15.639427+00,SA,{},,1955-10-24,27,Abdullah Al-Majed,f,f
d2cd5bbd-4741-4555-88e8-eec3af4381fb,,Al Hilal,HIL,Saudi Arabia,https://ontmfbptthwipfzlywwh.supabase.co/storage/v1/object/sign/team-logos/4e17f786-153a-494c-9498-4a4c03cb3fd3.png?token=eyJraWQiOiJzdG9yYWdlLXVybC1zaWduaW5nLWtleV9hODVlNGZkYi1iOWRjLTQ2NWUtOGNiNy0xZjRiZmY0OWJiMjciLCJhbGciOiJIUzI1NiJ9.eyJ1cmwiOiJ0ZWFtLWxvZ29zLzRlMTdmNzg2LTE1M2EtNDk0Yy05NDk4LTRhNGMwM2NiM2ZkMy5wbmciLCJzY29wZSI6ImRvd25sb2FkIiwiaWF0IjoxNzg3MTA2NDI4LCJleHAiOjE5NDQ3ODY0Mjh9.e4EXolNxYEVlxSrncpixVfJrSwDIO3upvnbfbraVusY,,,,,,2026-08-19 02:27:34.92504+00,2026-08-19 02:27:34.92504+00,SA,{},,1957-10-16,66,Fahad bin Nafel,f,f
f3c90325-c089-43e6-974e-f87cebff982b,,Al Ahli,AHL,Saudi Arabia,https://ontmfbptthwipfzlywwh.supabase.co/storage/v1/object/sign/team-logos/c621a918-6b01-43d8-92c5-975f08d517f3.webp?token=eyJraWQiOiJzdG9yYWdlLXVybC1zaWduaW5nLWtleV9hODVlNGZkYi1iOWRjLTQ2NWUtOGNiNy0xZjRiZmY0OWJiMjciLCJhbGciOiJIUzI1NiJ9.eyJ1cmwiOiJ0ZWFtLWxvZ29zL2M2MjFhOTE4LTZiMDEtNDNkOC05MmM1LTk3NWYwOGQ1MTdmMy53ZWJwIiwic2NvcGUiOiJkb3dubG9hZCIsImlhdCI6MTc4NzEwNjU2NCwiZXhwIjoxOTQ0Nzg2NTY0fQ.Ya1gNkLxuE-OvNY8DC8v5aG7aVRFTSuYS1S5CeNxbrE,,,,,,2026-08-19 02:29:12.627526+00,2026-08-19 02:29:27.005475+00,SA,{},,1937-03-17,30,Khalid bin Ahmed Ali Al-Ghamdi,f,f
50994179-e99e-482e-b78b-079cc1e3c612,,Al Ittihad,ITI,Saudi Arabia,https://ontmfbptthwipfzlywwh.supabase.co/storage/v1/object/sign/team-logos/5d5841d7-fad0-4e89-85c8-dec08382c111.png?token=eyJraWQiOiJzdG9yYWdlLXVybC1zaWduaW5nLWtleV9hODVlNGZkYi1iOWRjLTQ2NWUtOGNiNy0xZjRiZmY0OWJiMjciLCJhbGciOiJIUzI1NiJ9.eyJ1cmwiOiJ0ZWFtLWxvZ29zLzVkNTg0MWQ3LWZhZDAtNGU4OS04NWM4LWRlYzA4MzgyYzExMS5wbmciLCJzY29wZSI6ImRvd25sb2FkIiwiaWF0IjoxNzg3MTA2NjYwLCJleHAiOjE5NDQ3ODY2NjB9.1bFSo7HUSxu1HvpKlFoRYJlYxSBMC2fv_4jYJzovFAQ,,,,,,2026-08-19 02:31:04.110943+00,2026-08-19 02:31:04.110943+00,SA,{},,1927-12-26,26,Fahd bin Hamza Sindi,f,f
d2d7eea2-829a-4c25-ab58-6ef58e1423c3,,Al Ettifaq,ETI,Saudi Arabia,https://ontmfbptthwipfzlywwh.supabase.co/storage/v1/object/sign/team-logos/3c04f8a9-4894-440c-816c-59580c57a014.png?token=eyJraWQiOiJzdG9yYWdlLXVybC1zaWduaW5nLWtleV9hODVlNGZkYi1iOWRjLTQ2NWUtOGNiNy0xZjRiZmY0OWJiMjciLCJhbGciOiJIUzI1NiJ9.eyJ1cmwiOiJ0ZWFtLWxvZ29zLzNjMDRmOGE5LTQ4OTQtNDQwYy04MTZjLTU5NTgwYzU3YTAxNC5wbmciLCJzY29wZSI6ImRvd25sb2FkIiwiaWF0IjoxNzg3MTA2Nzc3LCJleHAiOjE5NDQ3ODY3Nzd9.kDes3se5Yj7fDzR-1CEd-pNQuTDO_8LvVraN93h8lq8,,,,,,2026-08-19 02:33:03.127067+00,2026-08-19 02:33:03.127067+00,SA,{},,1944-12-30,13,Samer Al-Misehal,f,f
c825a1d4-ad7b-47e3-874d-04ac00a5a874,,Al Qadsiah,QAD,Saudi Arabia,https://ontmfbptthwipfzlywwh.supabase.co/storage/v1/object/sign/team-logos/e7a3b97e-f890-4caa-b3f1-7b3393dc5067.png?token=eyJraWQiOiJzdG9yYWdlLXVybC1zaWduaW5nLWtleV9hODVlNGZkYi1iOWRjLTQ2NWUtOGNiNy0xZjRiZmY0OWJiMjciLCJhbGciOiJIUzI1NiJ9.eyJ1cmwiOiJ0ZWFtLWxvZ29zL2U3YTNiOTdlLWY4OTAtNGNhYS1iM2YxLTdiMzM5M2RjNTA2Ny5wbmciLCJzY29wZSI6ImRvd25sb2FkIiwiaWF0IjoxNzg3MTA2ODg5LCJleHAiOjE5NDQ3ODY4ODl9.qHcIngSXeoSWTrn2WSpF1wbZQ1xJ2TsZARJvfgyNN50,,,,,,2026-08-19 02:34:53.935848+00,2026-08-19 02:34:53.935848+00,SA,{},,1967-12-01,3,Bader Al-Reziza,f,f
2e866844-d752-492c-86e6-ca8bec799bf6,,NEOM Sports Club,NEOM,Saudi Arabia,https://ontmfbptthwipfzlywwh.supabase.co/storage/v1/object/sign/team-logos/9d7fea45-301a-41af-b2ce-10ba54e1ef9c.png?token=eyJraWQiOiJzdG9yYWdlLXVybC1zaWduaW5nLWtleV9hODVlNGZkYi1iOWRjLTQ2NWUtOGNiNy0xZjRiZmY0OWJiMjciLCJhbGciOiJIUzI1NiJ9.eyJ1cmwiOiJ0ZWFtLWxvZ29zLzlkN2ZlYTQ1LTMwMWEtNDFhZi1iMmNlLTEwYmE1NGUxZWY5Yy5wbmciLCJzY29wZSI6ImRvd25sb2FkIiwiaWF0IjoxNzg3MTA2OTkzLCJleHAiOjE5NDQ3ODY5OTN9.QjxKwjMgC6wPXtqjefbH6pxdPL3aE4VaSOnoECh_OQk,,,,,,2026-08-19 02:36:36.014632+00,2026-08-19 02:36:36.014632+00,SA,{},,1965-01-05,1,Meshari Al-Motairi,f,f
cf20994b-b762-4041-938e-c47f6dade784,,RC Lens,RCL,France,https://ontmfbptthwipfzlywwh.supabase.co/storage/v1/object/sign/team-logos/cd8994ab-76a6-4740-8583-336c5b1d7a91.png?token=eyJraWQiOiJzdG9yYWdlLXVybC1zaWduaW5nLWtleV9hODVlNGZkYi1iOWRjLTQ2NWUtOGNiNy0xZjRiZmY0OWJiMjciLCJhbGciOiJIUzI1NiJ9.eyJ1cmwiOiJ0ZWFtLWxvZ29zL2NkODk5NGFiLTc2YTYtNDc0MC04NTgzLTMzNmM1YjFkN2E5MS5wbmciLCJzY29wZSI6ImRvd25sb2FkIiwiaWF0IjoxNzg3MTA3MTAwLCJleHAiOjE5NDQ3ODcxMDB9.e7NWFs5PnLQtr6nBa8SKVoTE27qhNnbruDL0oYEN8qU,,,,,,2026-08-19 02:38:22.821698+00,2026-08-19 02:38:22.821698+00,FR,{},,1906-01-01,10,Joseph Oughourlian,f,f
69b125f2-97ec-4e36-8a06-ac1442626d52,da2223d7-561d-4767-836a-ea3e4ace8760,China,,China,https://ontmfbptthwipfzlywwh.supabase.co/storage/v1/object/sign/team-logos/f649d022-926c-431e-ad4d-0c81d50ac350.png?token=eyJraWQiOiJzdG9yYWdlLXVybC1zaWduaW5nLWtleV9hODVlNGZkYi1iOWRjLTQ2NWUtOGNiNy0xZjRiZmY0OWJiMjciLCJhbGciOiJIUzI1NiJ9.eyJ1cmwiOiJ0ZWFtLWxvZ29zL2Y2NDlkMDIyLTkyNmMtNDMxZS1hZDRkLTBjODFkNTBhYzM1MC5wbmciLCJzY29wZSI6ImRvd25sb2FkIiwiaWF0IjoxNzg3MTgwMzA5LCJleHAiOjE5NDQ4NjAzMDl9._6fWDLEZ4QUv3eqspCaaAmv5_alQGsrD55YE6EeeNdc,,,,,,2026-08-16 21:39:04.938983+00,2026-08-19 22:58:33.228217+00,CN,{},,,0,,f,t
9bbcd6b5-6ac3-44ae-9e14-af2c46d6cf83,da2223d7-561d-4767-836a-ea3e4ace8760,Iran,,Iran,https://ontmfbptthwipfzlywwh.supabase.co/storage/v1/object/sign/team-logos/f44ea15d-2013-40ad-8011-6c1f331c5c07.png?token=eyJraWQiOiJzdG9yYWdlLXVybC1zaWduaW5nLWtleV9hODVlNGZkYi1iOWRjLTQ2NWUtOGNiNy0xZjRiZmY0OWJiMjciLCJhbGciOiJIUzI1NiJ9.eyJ1cmwiOiJ0ZWFtLWxvZ29zL2Y0NGVhMTVkLTIwMTMtNDBhZC04MDExLTZjMWYzMzFjNWMwNy5wbmciLCJzY29wZSI6ImRvd25sb2FkIiwiaWF0IjoxNzg3MTgwMzMzLCJleHAiOjE5NDQ4NjAzMzN9.J5eMCeccGAlkRTU1rv1bu-4cT3vC62gRXNJ7XWeh1Ns,,,,,,2026-08-16 21:39:04.938983+00,2026-08-19 22:58:55.796719+00,IR,{},,,0,,f,t
5c5709e7-061c-4f11-9857-872324416325,da2223d7-561d-4767-836a-ea3e4ace8760,Kyrgyzstan,,Kyrgyzstan,https://ontmfbptthwipfzlywwh.supabase.co/storage/v1/object/sign/team-logos/a98c4a7b-cc25-45b6-831b-2ffbe691aae4.png?token=eyJraWQiOiJzdG9yYWdlLXVybC1zaWduaW5nLWtleV9hODVlNGZkYi1iOWRjLTQ2NWUtOGNiNy0xZjRiZmY0OWJiMjciLCJhbGciOiJIUzI1NiJ9.eyJ1cmwiOiJ0ZWFtLWxvZ29zL2E5OGM0YTdiLWNjMjUtNDViNi04MzFiLTJmZmJlNjkxYWFlNC5wbmciLCJzY29wZSI6ImRvd25sb2FkIiwiaWF0IjoxNzg3MTgwMzY1LCJleHAiOjE5NDQ4NjAzNjV9.EvoP_d_S-PUbpCVZyq3OQ-t-FGqofTH1Gn88ePSCiRo,,,,,,2026-08-16 21:39:04.938983+00,2026-08-19 22:59:28.179229+00,KG,{},,,0,,f,t
0846ef4a-eb32-4306-8d76-d0982acbdff0,da2223d7-561d-4767-836a-ea3e4ace8760,Palestine,,,https://ontmfbptthwipfzlywwh.supabase.co/storage/v1/object/sign/team-logos/78fc5284-7c7d-4cbb-902f-b578b8ad918e.png?token=eyJraWQiOiJzdG9yYWdlLXVybC1zaWduaW5nLWtleV9hODVlNGZkYi1iOWRjLTQ2NWUtOGNiNy0xZjRiZmY0OWJiMjciLCJhbGciOiJIUzI1NiJ9.eyJ1cmwiOiJ0ZWFtLWxvZ29zLzc4ZmM1Mjg0LTdjN2QtNGNiYi05MDJmLWI1NzhiOGFkOTE4ZS5wbmciLCJzY29wZSI6ImRvd25sb2FkIiwiaWF0IjoxNzg3MTgwMzg0LCJleHAiOjE5NDQ4NjAzODR9.bUJ4EnAff8iFWSb5pXzDc8FNWnze0Kf8dKa7gJuiP2s,,,,,,2026-08-16 21:39:04.938983+00,2026-08-19 22:59:45.890079+00,PS,{},,,0,,f,t
a7b33657-3d26-4bb5-8a93-a319b7d7ba0e,da2223d7-561d-4767-836a-ea3e4ace8760,South Korea,,South Korea,https://ontmfbptthwipfzlywwh.supabase.co/storage/v1/object/sign/team-logos/8e3bd5cb-7339-4c1d-8891-6d77a533b3b6.png?token=eyJraWQiOiJzdG9yYWdlLXVybC1zaWduaW5nLWtleV9hODVlNGZkYi1iOWRjLTQ2NWUtOGNiNy0xZjRiZmY0OWJiMjciLCJhbGciOiJIUzI1NiJ9.eyJ1cmwiOiJ0ZWFtLWxvZ29zLzhlM2JkNWNiLTczMzktNGMxZC04ODkxLTZkNzdhNTMzYjNiNi5wbmciLCJzY29wZSI6ImRvd25sb2FkIiwiaWF0IjoxNzg3MTgwNDA2LCJleHAiOjE5NDQ4NjA0MDZ9.9OXK04BETy4hhuoJMuurrtvGMkNssBbL0OwBbic1Z2I,,,,,,2026-08-16 21:39:04.938983+00,2026-08-19 23:00:09.01915+00,KR,{},,,0,,f,t
1d85c594-7743-4837-af55-ef9d04a547dc,da2223d7-561d-4767-836a-ea3e4ace8760,Syria,,Syria,https://ontmfbptthwipfzlywwh.supabase.co/storage/v1/object/sign/team-logos/91873693-7a43-4928-ab57-fc63369c51fd.png?token=eyJraWQiOiJzdG9yYWdlLXVybC1zaWduaW5nLWtleV9hODVlNGZkYi1iOWRjLTQ2NWUtOGNiNy0xZjRiZmY0OWJiMjciLCJhbGciOiJIUzI1NiJ9.eyJ1cmwiOiJ0ZWFtLWxvZ29zLzkxODczNjkzLTdhNDMtNDkyOC1hYjU3LWZjNjMzNjljNTFmZC5wbmciLCJzY29wZSI6ImRvd25sb2FkIiwiaWF0IjoxNzg3MTgwNDE1LCJleHAiOjE5NDQ4NjA0MTV9.yCoqH1YSBOhIQ9eE1hlLrUbYYSHsQkO8aQNHEQsmxKM,,,,,,2026-08-16 21:39:04.938983+00,2026-08-19 23:00:18.434773+00,SY,{},,,0,,f,t
3b45a06c-8ce8-4e41-9f5a-7c0a53b0fdd8,,Jewish Occupied Territories ,,,https://ontmfbptthwipfzlywwh.supabase.co/storage/v1/object/sign/team-logos/af04bc06-ee40-4c74-8971-9a428e711959.png?token=eyJraWQiOiJzdG9yYWdlLXVybC1zaWduaW5nLWtleV9hODVlNGZkYi1iOWRjLTQ2NWUtOGNiNy0xZjRiZmY0OWJiMjciLCJhbGciOiJIUzI1NiJ9.eyJ1cmwiOiJ0ZWFtLWxvZ29zL2FmMDRiYzA2LWVlNDAtNGM3NC04OTcxLTlhNDI4ZTcxMTk1OS5wbmciLCJzY29wZSI6ImRvd25sb2FkIiwiaWF0IjoxNzg3MTk4Mzk5LCJleHAiOjE5NDQ4NzgzOTl9.b1t61u1LxI58fjdZ7Vym5fZ_Nztpd526yNcK_l5HVe0,,,,,,2026-08-16 21:39:04.938983+00,2026-08-20 04:00:01.846516+00,PS,{},,,0,,f,t
25a03a61-0aad-4ddb-ad65-95e1e87c24b3,da2223d7-561d-4767-836a-ea3e4ace8760,Tajikistan,,Tajikistan,https://ontmfbptthwipfzlywwh.supabase.co/storage/v1/object/sign/team-logos/81309f17-3ccf-44d7-a105-f1a64fd9fb75.png?token=eyJraWQiOiJzdG9yYWdlLXVybC1zaWduaW5nLWtleV9hODVlNGZkYi1iOWRjLTQ2NWUtOGNiNy0xZjRiZmY0OWJiMjciLCJhbGciOiJIUzI1NiJ9.eyJ1cmwiOiJ0ZWFtLWxvZ29zLzgxMzA5ZjE3LTNjY2YtNDRkNy1hMTA1LWYxYTY0ZmQ5ZmI3NS5wbmciLCJzY29wZSI6ImRvd25sb2FkIiwiaWF0IjoxNzg3MTgwNDI1LCJleHAiOjE5NDQ4NjA0MjV9.eaAfDaKnsFGKYmOnMfekwxKgGgeVFqsF-gDYJWcWrG8,,,,,,2026-08-16 21:39:04.938983+00,2026-08-19 23:02:08.271237+00,TJ,{},,2026-08-19,0,,f,t
6525d35a-4fa8-4532-b127-886269435c7a,da2223d7-561d-4767-836a-ea3e4ace8760,Uzbekistan,,Uzbekistan,https://ontmfbptthwipfzlywwh.supabase.co/storage/v1/object/sign/team-logos/84b29dba-b1b3-48b2-a2c8-c2f9f7631525.png?token=eyJraWQiOiJzdG9yYWdlLXVybC1zaWduaW5nLWtleV9hODVlNGZkYi1iOWRjLTQ2NWUtOGNiNy0xZjRiZmY0OWJiMjciLCJhbGciOiJIUzI1NiJ9.eyJ1cmwiOiJ0ZWFtLWxvZ29zLzg0YjI5ZGJhLWIxYjMtNDhiMi1hMmM4LWMyZjlmNzYzMTUyNS5wbmciLCJzY29wZSI6ImRvd25sb2FkIiwiaWF0IjoxNzg3MTgwNTQ2LCJleHAiOjE5NDQ4NjA1NDZ9.0CN_FWkrLM1W4iZt69MuyRDdI0kSSUA4GZ8vR8rSYy0,,,,,,2026-08-16 21:39:04.938983+00,2026-08-19 23:02:29.535263+00,UZ,{},,,0,,f,t
bff23f77-8621-4e2d-b9c2-cb62a0444bb4,da2223d7-561d-4767-836a-ea3e4ace8760,Vietnam,,Vietnam,https://ontmfbptthwipfzlywwh.supabase.co/storage/v1/object/sign/team-logos/51c09a91-91fe-4567-9b19-d1f6e9db06a7.png?token=eyJraWQiOiJzdG9yYWdlLXVybC1zaWduaW5nLWtleV9hODVlNGZkYi1iOWRjLTQ2NWUtOGNiNy0xZjRiZmY0OWJiMjciLCJhbGciOiJIUzI1NiJ9.eyJ1cmwiOiJ0ZWFtLWxvZ29zLzUxYzA5YTkxLTkxZmUtNDU2Ny05YjE5LWQxZjZlOWRiMDZhNy5wbmciLCJzY29wZSI6ImRvd25sb2FkIiwiaWF0IjoxNzg3MTgwNTcyLCJleHAiOjE5NDQ4NjA1NzJ9.dg3KmR-V645cizQshsKCw4PbDSnUkRuojSuZUS1-BQU,,,,,,2026-08-16 21:39:04.938983+00,2026-08-19 23:02:54.810428+00,VD,{},,,0,,f,t
05925c38-07ac-40a1-8fa8-e81c7298ee18,4cc0c0e4-24c2-40a7-9331-2a6de8b80553,Al Yarmouk SC,YAR,Kuwait,https://ontmfbptthwipfzlywwh.supabase.co/storage/v1/object/sign/team-logos/f5c02a5e-f9e3-4f0b-bf2a-09efe0cbd5c5.png?token=eyJraWQiOiJzdG9yYWdlLXVybC1zaWduaW5nLWtleV9hODVlNGZkYi1iOWRjLTQ2NWUtOGNiNy0xZjRiZmY0OWJiMjciLCJhbGciOiJIUzI1NiJ9.eyJ1cmwiOiJ0ZWFtLWxvZ29zL2Y1YzAyYTVlLWY5ZTMtNGYwYi1iZjJhLTA5ZWZlMGNiZDVjNS5wbmciLCJzY29wZSI6ImRvd25sb2FkIiwiaWF0IjoxNzg3MjU4Mjc0LCJleHAiOjE5NDQ5MzgyNzR9.UMHHqy85QBtB3gHng7-1orQawnw8ZJugp_p5Oad_XVA,,, Abdullah Al-Khalifa Al-Sabah Stadium,Mishref,,2026-08-20 20:37:58.604393+00,2026-08-20 20:39:28.455246+00,KW,{},,1965-02-28,4,Fahad Al Ghanim,f,f
e62bea24-9251-4e69-b03b-b0f3fae6618f,792f150e-1c25-4f3c-878f-75536c7edd5b,Sulaibikhat FC,SUL,Kuwait,https://ontmfbptthwipfzlywwh.supabase.co/storage/v1/object/sign/team-logos/7238bb2f-cb47-44d7-849c-549c0d96e66c.png?token=eyJraWQiOiJzdG9yYWdlLXVybC1zaWduaW5nLWtleV9hODVlNGZkYi1iOWRjLTQ2NWUtOGNiNy0xZjRiZmY0OWJiMjciLCJhbGciOiJIUzI1NiJ9.eyJ1cmwiOiJ0ZWFtLWxvZ29zLzcyMzhiYjJmLWNiNDctNDRkNy04NDljLTU0OWMwZDk2ZTY2Yy5wbmciLCJzY29wZSI6ImRvd25sb2FkIiwiaWF0IjoxNzg3MjU4NDg2LCJleHAiOjE5NDQ5Mzg0ODZ9.folpWWCTu_elCqbi-Bk0rgcLGomJqjSVzj-KRRcCmlc,,,Jaber Al Mubarak Stadium,Sulaibikhat,,2026-08-20 19:41:03.265073+00,2026-08-21 23:40:36.214166+00,KW,{https://www.instagram.com/sulaibikhatfc?igsi=eTZ2ODJwMmR0bWwz},,1973-02-15,4,Saad Anad Al Enezi,f,f
e834859a-a97d-47b8-88cc-6e58d04060e7,792f150e-1c25-4f3c-878f-75536c7edd5b,Al Sahel SC,SAH,Kuwait,https://ontmfbptthwipfzlywwh.supabase.co/storage/v1/object/sign/team-logos/2e6ac94a-bdae-4be5-98d7-47c6a8fe573b.png?token=eyJraWQiOiJzdG9yYWdlLXVybC1zaWduaW5nLWtleV9hODVlNGZkYi1iOWRjLTQ2NWUtOGNiNy0xZjRiZmY0OWJiMjciLCJhbGciOiJIUzI1NiJ9.eyJ1cmwiOiJ0ZWFtLWxvZ29zLzJlNmFjOTRhLWJkYWUtNGJlNS05OGQ3LTQ3YzZhOGZlNTczYi5wbmciLCJzY29wZSI6ImRvd25sb2FkIiwiaWF0IjoxNzg3MjU0Mzc2LCJleHAiOjE5NDQ5MzQzNzZ9.saXIxahvEkvW_jVjYO7uS3vn6k-1t2c_Av2XY2XXBWQ,,,Abu Halifa City Stadium,Abu Halifa,,2026-08-20 19:23:03.621235+00,2026-08-21 22:16:11.959176+00,KW,{},,1967-01-01,2,Khalid Khalifa Al-Azmi,f,f
