id,locale,source_text,translated_text,created_at
9c42b23b-5afe-4b47-8453-f138c46e2fdc,ar,Al Arabi announce friendly against Pyramids FC in Turkey,العربي يعلن مواجهة بيراميدز وديًا في تركيا,2026-08-02 23:35:38.751144+00
7f3a7517-d482-4bd7-ac70-21fbfbe6fc0a,ar,Al Arabi will face Egyptian side Pyramids FC in a friendly match during the club’s training camp in Turkey.,سيواجه العربي نظيره المصري بيراميدز في مباراة ودية خلال المعسكر التدريبي للفريق في تركيا.,2026-08-02 23:35:38.751144+00
9cd21d00-6bd1-45cf-bee0-7817e690aa42,ar,"Al Arabi confirm Pyramids friendly

Al Arabi have announced a friendly match against Egyptian club Pyramids FC as part of their training camp in Turkey.

The fixture is scheduled for Tuesday, August 4, 2026, with kick-off set for 4:15pm.

The match will form part of Al Arabi’s preparations during the camp.","العربي يؤكد ودية بيراميدز

أعلن العربي خوض مباراة ودية أمام نادي بيراميدز المصري ضمن معسكره التدريبي في تركيا.

ومن المقرر إقامة المباراة يوم الثلاثاء 4 أغسطس 2026، على أن تنطلق في الساعة 4:15 مساءً.

وستأتي المباراة ضمن استعدادات العربي خلال المعسكر.",2026-08-02 23:35:38.751144+00
ee1c84ea-2642-42ca-8941-03e936e8a85e,ar,Kuwait FA to Hold 2026–27 Youth Competition Draws,الاتحاد الكويتي لكرة القدم يجري قرعة مسابقات الفئات السنية لموسم 2026–27,2026-08-02 23:57:54.779478+00
255edee2-80d5-4379-8ced-3e2e2efa7309,ar,Kuwaiti Clubs’ Pre-Season Camp Destinations Mapped,تحديد وجهات المعسكرات الإعدادية للأندية الكويتية,2026-08-02 23:57:54.779478+00
3af3b910-b1bf-41c1-80f5-ef2261cb2495,ar,Kuwaiti Premier League,الدوري الكويتي الممتاز,2026-08-02 23:57:54.779478+00
f0d21483-e34b-4c9b-bf43-e10829ba0f3f,ar,Kuwait,الكويت,2026-08-02 23:57:54.779478+00
9630f42f-7f20-4dd3-acee-a4df75bd53a1,ar,Kuwait SC,نادي الكويت,2026-08-02 23:57:56.033541+00
e3bfbdbf-7d8b-45b9-848c-e0df0990baed,ar,"The top-tier professional football league in Kuwait, featuring 12 clubs competing for the national championship and qualification to AFC competitions. Sponsor is to be announced on August 6, 2026 or at a later date.",دوري كرة القدم الاحترافي للدرجة الممتازة في الكويت، ويضم 12 ناديًا تتنافس على لقب البطولة الوطنية والتأهل إلى مسابقات الاتحاد الآسيوي لكرة القدم. وسيُعلن عن الراعي في 6 أغسطس 2026 أو في موعد لاحق.,2026-08-02 23:57:57.788581+00
62742ecb-a06d-49d4-9222-bfd15acf0601,ar,Al Qadsia SC,نادي القادسية,2026-08-02 23:58:02.464891+00
030d402d-18fb-47c7-ac84-e55766a542dd,ar,Al Salmiya SC,نادي السالمية,2026-08-02 23:58:02.464891+00
07bb8834-f540-481b-925e-7a66b8d438ad,ar,Al Arabi SC,النادي العربي,2026-08-02 23:58:02.464891+00
b34fbaea-c12c-4ccd-96ab-e60ce1b3e706,ar,Kazma SC,نادي كاظمة,2026-08-02 23:58:02.464891+00
95d79acf-30c8-4760-b3bc-6e17ac5a6aa9,ar,Al Fahaheel SC,نادي الفحيحيل,2026-08-02 23:58:02.464891+00
ece6b798-e5c3-45df-a3e6-2698e40024f3,ar,Al Nasr SC,نادي النصر,2026-08-02 23:58:02.464891+00
8cf02962-e766-42ed-9000-b3d01aeef756,ar,Al Tadamon SC,نادي التضامن,2026-08-02 23:58:02.464891+00
c7991290-8b75-4127-a61d-081061bc18d7,ar,Al Jahra SC,نادي الجهراء,2026-08-02 23:58:02.464891+00
a546aa03-4c4b-4013-93c5-7941ac8d47a2,ar,Al Shabab SC,نادي الشباب,2026-08-02 23:58:02.464891+00
08df7fdf-f6de-4fcb-80d4-072e2385a0ed,ar,1ST PLACE OF FIRST DIVISION,المركز الأول في دوري الدرجة الأولى,2026-08-02 23:58:02.464891+00
edeba300-4d08-4650-90a9-cb8ca2920750,ar,2ND PLACE OF FIRST DIVISION,المركز الثاني في دوري الدرجة الأولى,2026-08-02 23:58:02.464891+00
854bd0c8-a319-4347-b8e7-f70dd8e420fd,ar,"A pre-season map for Kuwaiti football clubs lists four overseas destinations: Turkey, London, Azerbaijan and Egypt.

Turkey

Qadsia, Al Arabi, Kazma and Al Salmiya are scheduled to hold their camps in Turkey, making it the most popular destination alongside Egypt.

 London

Kuwait SC will travel to London for its pre-season camp.

 Azerbaijan

Al Tadamon is the only club listed as holding its camp in Azerbaijan.

 Egypt

Al Nasr, Al Shabab, Al Fahaheel and Al Jahra will conduct their preparations in Egypt.

In total, the map assigns 10 Kuwaiti clubs to overseas pre-season camps across the four destinations.","تُظهر خريطة المعسكرات التحضيرية لأندية كرة القدم الكويتية أربع وجهات خارجية: تركيا ولندن وأذربيجان ومصر.

تركيا

من المقرر أن تقيم أندية القادسية والعربي وكاظمة والسالمية معسكراتها في تركيا، ما يجعلها الوجهة الأكثر رواجًا إلى جانب مصر.

 لندن

سيسافر نادي الكويت إلى لندن لإقامة معسكره التحضيري للموسم.

 أذربيجان

التضامن هو النادي الوحيد المُدرج لإقامة معسكره في أذربيجان.

 مصر

ستقيم أندية النصر والشباب والفحيحيل والجهراء استعداداتها في مصر.

وبإجمالي 10 أندية كويتية، توزع الخريطة المعسكرات التحضيرية الخارجية على الوجهات الأربع.",2026-08-02 23:58:27.160864+00
71ee8dfd-188d-4354-9793-b8babffa3991,ar,"The draws for Kuwait’s Under-15, Under-17 and Under-19 league competitions will take place at 7:00 p.m. on Sunday, August 2, 2026.",ستُجرى قرعة مسابقات دوريات الكويت تحت 15 سنة وتحت 17 سنة وتحت 19 سنة عند الساعة 7:00 مساءً يوم الأحد 2 أغسطس 2026.,2026-08-02 23:58:28.944258+00
13a97891-debb-4c8f-bf3f-feb766ca6be5,ar,"Turkey will host four Kuwaiti clubs, while London, Azerbaijan and Egypt are also listed as pre-season destinations.",ستستضيف تركيا أربعة أندية كويتية، فيما تندرج لندن وأذربيجان ومصر أيضًا ضمن وجهات الاستعداد للموسم الجديد.,2026-08-02 23:58:28.944258+00
d7121c46-a89e-4c21-b634-5eeb621a0aa4,ar,Kuwait Ministry of Interior Football Team Announces Training for 2026–27 Season,فريق كرة القدم بوزارة الداخلية الكويتية يعلن بدء تدريباته لموسم 2026–27,2026-08-02 23:58:28.944258+00
07528753-35f9-4b47-a1d5-9bf374bfb687,ar,Abdulwahab Awadi,عبد الوهاب عوضي,2026-08-15 02:14:57.088651+00
341e0829-0140-4a0b-96e1-18976597a0c4,ar,"The Kuwait Ministry of Interior football team will begin preparations for the 2026–27 season at Al-Jamarik Stadium on Sunday, August 2, 2026.",سيبدأ فريق كرة القدم بوزارة الداخلية الكويتية استعداداته لموسم 2026–27 على استاد الجمارك يوم الأحد 2 أغسطس 2026.,2026-08-02 23:58:28.944258+00
05384b79-4bb7-4050-8b93-e41b633a0c70,ar,Al Salmiya Announce Squad for Turkey Training Camp,السالمية يعلن قائمته لمعسكر تركيا التدريبي,2026-08-02 23:58:28.944258+00
4f64210c-19b3-42d3-9628-eb314c1e8685,ar,"Al Salmiya have named a 33-player squad for their training camp in Izmit, Turkey, scheduled from July 31 to August 17.",اختار السالمية قائمة تضم 33 لاعبًا لمعسكره التدريبي في إزميت بتركيا، المقرر إقامته من 31 يوليو إلى 17 أغسطس.,2026-08-02 23:58:28.944258+00
b32831c4-6919-407b-97c6-cd45c4cd37e9,ar,Al Salmiya Announce Friendlies for İzmit Training Camp in Turkey,السالمية يعلن مبارياته الودية في معسكر إزميت التدريبي بتركيا,2026-08-02 23:58:28.944258+00
fc87683d-ecf9-41df-bfd5-ee19f57e971e,ar,"Al Salmiya will face ZED FC, Al Markhiya and ASO Chlef during their 2026 training camp in İzmit, with a possible fourth friendly yet to be confirmed.",سيواجه السالمية أندية زد إف سي والمرخية وأولمبي الشلف خلال معسكره التدريبي لعام 2026 في إزميت، مع احتمال خوض مباراة ودية رابعة لم يتم تأكيدها بعد.,2026-08-02 23:58:28.944258+00
a56d3be7-981d-499e-b128-0b6fe6624d41,ar,Al Qadsia to Face Saudi Side Al Zulfi in Türkiye Friendly,القادسية يواجه الزلفي السعودي وديًا في تركيا,2026-08-02 23:58:28.944258+00
2b096720-8a73-4ee9-8578-9b3dcf2bb662,ar,Kuwaiti club Al Qadsia will face Saudi Arabian second-tier side Al Zulfi in a friendly match in Türkiye as part of their preparations for the upcoming AFC Challenge League campaign.,سيواجه نادي القادسية الكويتي فريق الزلفي السعودي، المنافس في دوري الدرجة الثانية، في مباراة ودية بتركيا ضمن استعداداته للمشاركة المقبلة في دوري التحدي الآسيوي.,2026-08-02 23:58:28.944258+00
a7332062-d770-4e64-8d7b-f00ea8242885,ar,"The Kuwait Football Association will conduct the draws for its youth competitions for the 2026–27 season on Sunday, August 2, 2026.

The event will begin at 7:00 p.m. in the meeting hall at the Kuwait Football Association’s headquarters in Adailiya.

 Competitions included

The draw will cover three age-group leagues:

- Under-19 league
- Under-17 league
- Under-15 league

Sports clubs have been asked to send representatives to attend the draw at the scheduled time and venue.","سيُجري الاتحاد الكويتي لكرة القدم قرعة مسابقاته للفئات السنية لموسم 2026–27 يوم الأحد 2 أغسطس 2026.

ستنطلق الفعالية في الساعة 7:00 مساءً بقاعة الاجتماعات في مقر الاتحاد الكويتي لكرة القدم بالعديلية.

 المسابقات المشمولة

ستشمل القرعة ثلاث دوريات للفئات العمرية:

- دوري تحت 19 عامًا
- دوري تحت 17 عامًا
- دوري تحت 15 عامًا

وطُلب من الأندية الرياضية إرسال ممثلين عنها لحضور القرعة في الموعد والمكان المحددين.",2026-08-03 00:14:10.20818+00
9be34d59-fb69-4725-b10b-0f4826a92153,ar,Lucas Shallon,لوكاس شالون,2026-08-03 00:14:13.498072+00
d387101f-8f9c-42f8-9886-df50d5c5c519,ar,Forward,مهاجم,2026-08-03 00:14:13.498072+00
f4e59782-3803-4f10-a0f4-c03f4cbe5658,ar,Sabah Al Salem Stadium,استاد صباح السالم,2026-08-03 00:14:18.407057+00
5b012dfd-102d-4958-97a7-ad94b20819fe,ar,Mansouriya,المنصورية,2026-08-03 00:14:38.963247+00
715fdb47-1990-412d-aebc-0b02efa04db6,ar,Goran Sablic,غوران سابليتش,2026-08-03 00:14:38.963247+00
b7b9c677-f6cd-4847-9e8b-cd9c04c5ff83,ar,Sulaiman Abdulghafoor,سليمان عبد الغفور,2026-08-03 00:14:40.373313+00
ed987797-93f5-4cbe-8b99-2b756d510b53,ar,Goalkeeper,حارس مرمى,2026-08-03 00:14:40.373313+00
74ec48b7-1ba9-42b9-8dca-2332ca2571ee,ar,Abdullah Fares joins Al Jazira on loan from Al Arabi,عبدالله فارس ينضم إلى الجزيرة على سبيل الإعارة من العربي,2026-08-03 18:33:24.957743+00
bff0d86d-1a91-4869-a116-76520c6dd6d5,ar,"According to sources, Al Arabi player Abdullah Fares has joined Al Jazira on loan.",وفقًا لمصادر، انضم لاعب العربي عبد الله فارس إلى الجزيرة على سبيل الإعارة.,2026-08-04 12:55:49.178568+00
039ad146-bca9-4ab7-acbd-ba9fbd4ff469,ar,Season,الموسم,2026-08-04 14:04:28.726816+00
d7bbcedf-2b42-4ebe-a4de-1241cfc0f668,ar,moves,الانتقالات,2026-08-04 14:04:28.726816+00
ee75a31a-4b12-4d36-bbeb-b9d6509c795e,ar,All,الكل,2026-08-04 14:04:28.726816+00
d1449852-7fde-48c8-8b07-8aadbc63b4f2,ar,Players,اللاعبون,2026-08-04 14:04:28.726816+00
9d68c566-7571-44bb-a086-b6cb7e6c8830,ar,Coaches,المدربون,2026-08-04 14:04:28.726816+00
8b409ea9-430e-4fae-a370-f8cdea180aa0,ar,Kuwait SC (69),نادي الكويت (69),2026-08-04 14:04:33.073383+00
6f04d35d-caa6-4913-9faa-d24df7d1265b,ar,Awards,الجوائز,2026-08-04 14:04:33.778636+00
e7f7c0c9-c2b1-4883-8e61-c5cec1f2f5b4,ar,Sport,الرياضة,2026-08-04 14:04:33.778636+00
2cfeb0b1-2666-401f-b8ba-926331f5e007,ar,football,كرة القدم,2026-08-04 14:04:33.778636+00
37b95dfa-b518-457c-8cce-76d70c518393,ar,Format,النظام,2026-08-04 14:04:33.778636+00
db37e372-a5da-42b2-8bfb-811a4428633e,ar,league,دوري,2026-08-04 14:04:33.778636+00
8372d54c-f32a-4ebd-a0a7-f9029c9eb3df,ar,Teams,الفرق,2026-08-04 14:04:33.778636+00
1be182ed-b9e1-4a1f-b434-cbbacb7b7e15,ar,Duration,المدة,2026-08-04 14:04:33.778636+00
4afd39bd-aa1f-4e2c-bcdd-59ed1cca1dbb,ar,Title holder,حامل اللقب,2026-08-04 14:04:33.778636+00
538fb3bb-ceb0-4e14-b353-ca08cc784165,ar,Most titles,الأكثر تتويجًا,2026-08-04 14:04:33.778636+00
434422e7-48b7-4a53-a18e-9a6d55a59de9,ar,Country,البلد,2026-08-04 14:04:33.778636+00
f0cf939d-ae38-43c4-a0e0-88aea65c32f6,ar,Title winners,الفائزون باللقب,2026-08-04 14:04:33.778636+00
b7171b62-8c55-48fa-9778-8914cc90ed25,ar,Mohammed Al Hamad Stadium,استاد محمد الحمد,2026-08-04 14:04:48.210385+00
b22c57b3-56f0-42b7-a9cb-252e26c7f555,ar,Hawalli,حولي,2026-08-04 14:04:55.977871+00
74fb51b8-de96-442d-8a5a-3c5fa6ef1603,ar,Chairman,رئيس مجلس الإدارة,2026-08-04 14:04:55.977871+00
9c6a1a63-9711-4399-9c1d-5632b50b5de8,ar,Coach,المدرب,2026-08-04 14:04:56.073113+00
b47e8157-720d-4912-95eb-59adb023d4e7,ar,No coach,لا يوجد مدرب,2026-08-04 14:04:56.073113+00
b73ccd7f-c380-4bff-92cf-6c5df4a604ab,ar,No goalkeepers,لا يوجد حراس مرمى,2026-08-04 14:04:56.073113+00
e66dc53e-4c15-4901-b742-0e2a31d43ba4,ar,Defender,مدافع,2026-08-04 14:04:56.073113+00
dc76ab7c-d31c-496e-867a-9a0b8caced6c,ar,No defenders,لا يوجد مدافعون,2026-08-04 14:04:56.073113+00
e4a61981-216c-4ada-998a-ce3a6e1a0b42,ar,Midfielder,لاعب وسط,2026-08-04 14:04:56.073113+00
fe40d72c-d55a-460f-81ee-48760a01be94,ar,No midfielders,لا يوجد لاعبو وسط,2026-08-04 14:04:56.073113+00
33b13993-7cf8-4c9d-85ca-647819caf694,ar,No forwards,لا يوجد مهاجمون,2026-08-04 14:04:56.073113+00
ebf52886-4567-4f83-89db-e3a7c2687e4a,ar,Unknown,غير معروف,2026-08-04 14:04:56.073113+00
ef6d74fb-ccc2-4542-bd5e-490526b81262,ar,No unknowns,لا يوجد لاعبون غير معروفين,2026-08-04 14:04:56.073113+00
543b0560-7b9e-400c-9f94-7fdc504bbf6a,ar,Leonardo Sheldon,ليوناردو شيلدون,2026-08-15 02:14:57.088651+00
08906c5e-b86b-4cea-b65a-2dd7e62473f0,ar,Mohammed Khaled,محمد خالد,2026-08-15 02:14:57.088651+00
295bdd72-ef26-4817-819f-0ea9c652f0e5,ar,Jumma Aboud,جمعة عبود,2026-08-15 02:14:57.088651+00
4a2d74dd-84d7-4435-a402-26e8f54dc963,ar,Hamad Al Harbi,حمد الحربي,2026-08-15 02:14:57.088651+00
d38e9470-6c87-4d1b-af23-3723b3043d59,ar,Hamad Al Qallaf,حمد القلاف,2026-08-15 02:14:57.088651+00
5701398c-166a-40dd-870d-96024f4606be,ar,Ali Hasan Muhaisen,علي حسن محيسن,2026-08-15 02:14:57.088651+00
ea06f560-97b3-4b71-aa19-365167ee1d05,ar,"Al Qadsia SC will continue their pre-season preparations with a friendly match against Saudi Arabian second-tier side Al Zulfi during the club’s training camp in Türkiye.

The match is scheduled to take place on 29 July 2026 at 18:00 local time at Yalova Atatürk Stadium in Yalova, Türkiye.

The fixture will serve as another important test for the Kuwaiti side as they build towards the 2026/27 AFC Challenge League campaign. The coaching staff are expected to use the match to assess the squad’s fitness, tactical progress and match sharpness ahead of the club’s continental commitments.

Al Zulfi, who compete in Saudi Arabia’s second division, will provide competitive opposition in what is expected to be a valuable pre-season encounter for both teams. The friendly is part of Al Qadsia’s preparations before the start of the new competitive season.","سيواصل نادي القادسية استعداداته للموسم الجديد بمباراة ودية أمام الزلفي، المنافس في دوري الدرجة الثانية السعودي، خلال المعسكر التدريبي للنادي في تركيا.

ومن المقرر أن تُقام المباراة في 29 يوليو 2026 عند الساعة 18:00 بالتوقيت المحلي على ملعب يالوفا أتاتورك في يالوفا، تركيا.

وستشكّل المباراة اختبارًا مهمًا آخر للفريق الكويتي ضمن استعداداته لخوض منافسات دوري التحدي الآسيوي 2026/27. ومن المتوقع أن يستغل الجهاز الفني المباراة لتقييم جاهزية اللاعبين البدنية، والتطور الخططي، وحساسية المباريات قبل استحقاقات النادي القارية.

وسيشكّل الزلفي، الذي ينافس في دوري الدرجة الثانية السعودي، خصمًا قويًا في مواجهة يُتوقع أن تكون مفيدة للفريقين خلال فترة الإعداد للموسم الجديد. وتأتي المباراة الودية ضمن تحضيرات القادسية قبل انطلاق الموسم التنافسي الجديد.",2026-08-04 14:05:17.199618+00
5a28bdeb-9007-4637-8778-86fbf22e6e2a,ar,"Teams, players, competitions, coaches, stadiums…",الفرق، اللاعبون، المسابقات، المدربون، الملاعب…,2026-08-04 14:23:21.918954+00
68c8b8a3-6959-4d94-bffc-c1a539bb72a4,ar,Competitions,المسابقات,2026-08-04 14:23:21.918954+00
3a969e6c-0c68-49c5-bb21-cd84c2eace91,ar,Stadiums,الملاعب,2026-08-04 14:23:21.918954+00
591f7c91-3ff3-4393-b80c-253716d62774,ar,Type to search,اكتب للبحث,2026-08-04 14:23:21.918954+00
d6536d76-5d43-4e25-b41c-74dd0d4e7750,ar,Recent searches,عمليات البحث الأخيرة,2026-08-04 14:23:25.907132+00
9ed1ce13-2781-436d-b32e-f1472b39c398,ar,Clear all,مسح الكل,2026-08-04 14:23:25.907132+00
66d8d606-b098-41c5-b2a5-bd147225c67f,ar,"According to sources, Al Arabi have loaned Abdullah Fares to Al Jazira.

No further details about the loan agreement have been provided.","وفقًا لمصادر، أعار العربي اللاعب عبد الله فارس إلى الجزيرة.

ولم تُكشف أي تفاصيل إضافية بشأن اتفاق الإعارة.",2026-08-04 14:57:22.629558+00
1d941ede-33ec-4770-94fa-9aa54c8eef16,ar,AFC Champions League TWO,دوري أبطال آسيا الثاني,2026-08-04 14:58:21.838586+00
f39e939b-d7f8-4b42-9f06-f9f335f39744,ar,AFC Champions League TWO Qualification,تصفيات دوري أبطال آسيا الثاني,2026-08-04 14:58:21.838586+00
0ac3b3c0-6fa1-4f84-8582-2eb23329c5b0,ar,Relegation,الهبوط,2026-08-04 14:58:21.838586+00
b555ed98-e6f2-4cce-ac00-4a1423f53028,ar,Kuwait Sports Club Stadium,استاد نادي الكويت الرياضي,2026-08-04 15:06:29.21633+00
a1288495-35ab-4884-a5b1-2c5a16696f10,ar,Publish news,نشر الأخبار,2026-08-07 15:18:51.25473+00
7fb049cb-1a96-47ea-97c3-8725a9e933a1,ar,"Join the reporter programme — $2.99 / month, every article reviewed by the main admin.",انضم إلى برنامج المراسلين — 2.99 دولار شهريًا، مع مراجعة كل مقال من قِبل المسؤول الرئيسي.,2026-08-07 15:18:51.25473+00
966f1546-9a59-418e-b90b-a910f5b450bd,ar,Recently viewed,شوهدت مؤخراً,2026-08-10 00:48:45.079055+00
00405454-7d70-43d7-8acb-e89e7a6dce16,ar,Zain Premier League,الدوري الممتاز زين,2026-08-10 00:48:45.079055+00
3143360c-3e9a-44a8-939c-1af5cfb8be42,ar,"The top-tier professional football league in Kuwait, featuring 12 clubs competing for the national championship and qualification to AFC competitions. Sponsor of the competition is Zain",دوري كرة القدم للمحترفين في الدرجة الممتازة بالكويت، ويضم 12 ناديًا تتنافس على لقب الدوري الوطني والتأهل إلى مسابقات الاتحاد الآسيوي لكرة القدم. الراعي الرسمي للمسابقة هو زين,2026-08-10 00:48:48.224367+00
2906edd8-4e00-4d9e-a576-661f8d31d0e8,ar,KD ٧١k,٧١ ألف د.ك,2026-08-10 00:49:01.584005+00
560f7ae7-4fbe-4b02-ab33-152f5db204c8,ar,Transfer history,سجل الانتقالات,2026-08-10 00:49:01.584005+00
04b46fb8-7cf8-43f6-990f-1082e921e06b,ar,Alexandre Santos,ألكسندر سانتوس,2026-08-10 00:49:03.665123+00
1b99172b-b54a-4289-8106-0467c8ab8195,ar,Portugal,البرتغال,2026-08-10 00:49:03.665123+00
4dc150e1-3b68-46af-8e60-62254f61ddbd,ar,Khaled Al Rashidi,خالد الرشيدي,2026-08-10 00:49:03.665123+00
a9f770ae-fe49-4b23-9a83-38d049ed928b,ar,Saud Al Hoshan,سعود الحوشان,2026-08-10 00:49:03.665123+00
e396bec0-eabd-4211-9faa-13fabcc9bc3f,ar,Abdulrahman Kameel,عبدالرحمن كميل,2026-08-10 00:49:03.665123+00
0afa917f-de3c-41e9-9512-82836ee13e1a,ar,Sami Al Sanea,سامي الصانع,2026-08-10 00:49:03.665123+00
f8da4bcc-947e-4329-ba70-92ea4de3266a,ar,Meshari Ghanam,مشاري غنام,2026-08-10 00:49:03.665123+00
12cd432c-0f6e-4666-8aed-d8d06f681943,ar,Mohsen Falah,محسن فلاح,2026-08-10 00:49:03.665123+00
4050c90c-5894-4296-a7ab-d4495e3e7134,ar,Fahad Hamoud,فهد حمود,2026-08-10 00:49:03.665123+00
28ed23f3-94ba-4018-b266-16c7d8246913,ar,Mohammad Freih,محمد فريح,2026-08-10 00:49:03.665123+00
cb70fc1a-3ce6-4912-bbfb-deb445bb86e5,ar,Malik Zola,مالك زولا,2026-08-10 00:49:03.665123+00
0fef3a38-4b18-46fc-9be1-e5b9dc26460f,ar,Hassan Hamdan,حسن حمدان,2026-08-10 00:49:03.665123+00
a6b2e97b-5cb1-4cfa-ba81-b99e3a9a2165,ar,Reda Hani,رضا هاني,2026-08-10 00:49:03.665123+00
8849f9d3-d5a1-4107-beb2-d3ce484f2cd0,ar,Ahmad Al Dhefiri,أحمد الظفيري,2026-08-10 00:49:03.665123+00
71d3e934-1da9-4d2e-beee-c1eb7b13e4ac,ar,Faisal Zaid,فيصل زايد,2026-08-10 00:49:03.665123+00
1f41fc29-5e37-4493-bb57-17eddb26cacf,ar,Carlinhos Vinicius,كارلينيوس فينيسيوس,2026-08-10 00:49:03.665123+00
8485a3b7-8e64-44ae-90d5-7f62092defd1,ar,Ali Hussain,علي حسين,2026-08-10 00:49:03.665123+00
a4c85666-e2cf-4bc9-ac75-2aa6d395d7ec,ar,Mohammed Marhoon,محمد مرهون,2026-08-10 00:49:03.665123+00
399f5fea-ee8b-4a99-943e-12fa83c21d86,ar,Al Mahdi Barrahma,المهدي برحمة,2026-08-10 00:49:03.665123+00
3e47305f-8654-4196-9e83-634481110e9f,ar,Humoud Al Sanousi,حمود السنوسي,2026-08-10 00:49:03.665123+00
6b448cc8-cd96-4684-83cf-00d97e0b449d,ar,Abdullah Al Qarzaei,عبدالله القرزعي,2026-08-10 00:49:03.665123+00
dd9b57f7-a0d1-48a3-84d0-84f4df639757,ar,Ibrahim Kameel,إبراهيم كميل,2026-08-10 00:49:03.665123+00
d795965b-d9b6-4bcc-8216-03da3d6c2270,ar,Amr Abdulfattah (Amoory),عمرو عبدالفتاح (عموري),2026-08-10 00:49:03.665123+00
3fe1e6fb-ebb4-4b39-9deb-e30e9aadc950,ar,Mohammad Daham,محمد دحام,2026-08-10 00:49:03.665123+00
6f060b0e-3594-4222-8cc9-3ec144eeb32d,ar,Yousef Nasser,يوسف ناصر,2026-08-10 00:49:03.665123+00
88d0ee86-7728-4c3b-985c-72a8289f607a,ar,Yassine Khenissi,ياسين الخنيسي,2026-08-10 00:49:03.665123+00
22f50f1b-7133-4bce-8d02-fd6f133d18eb,ar,Muhanned Al Mahamid,مهند المحاميد,2026-08-10 00:49:03.665123+00
59df72b4-6659-4089-bf97-e7704ed3ffc2,ar,Salman Al Awadhi,سلمان العوضي,2026-08-10 00:49:03.665123+00
f3863205-443f-4879-a7a5-f93bccfbbab7,ar,Faris Ali Fadhel,فارس علي فاضل,2026-08-10 00:49:03.665123+00
23063852-aecc-46a3-b872-17da54bc758b,ar,Sources: Two New Private Clubs Set to Join Kuwaiti First Division,مصادر: ناديان خاصان جديدان يستعدان للانضمام إلى دوري الدرجة الأولى الكويتي,2026-08-10 00:49:46.420273+00
ccfd282c-f0c1-4f7a-8bb8-0ca8381f90a6,ar,"Go FC and Al Itihad FC are expected to join the Kuwaiti First Division, according to sources.",من المتوقع أن ينضم ناديا غو إف سي والاتحاد إف سي إلى دوري الدرجة الأولى الكويتي، وفقًا لمصادر.,2026-08-10 00:49:46.420273+00
8ecec367-6679-4f15-94e8-722e77a56e4f,ar,Abdulaziz Nasari,عبد العزيز نصاري,2026-08-15 02:14:57.088651+00
2fcc07f4-4048-45f4-8a3f-0f36cb4ec47e,ar,"Two clubs set to join

Two new private clubs are set to join the Kuwaiti First Division, according to sources.

The clubs are Go FC, owned by Ali Alhamad, and Al Itihad FC.

 Sponsors and youth programme

Al Itihad FC has announced Boom Al Khaleej and Najd as its sponsors. The club has also started a youth programme.","ناديان يستعدان للانضمام

يستعد ناديان خاصان جديدان للانضمام إلى دوري الدرجة الأولى الكويتي، وفقًا لمصادر.

والناديان هما غو إف سي، المملوك لعلي الحمد، والاتحاد إف سي.

 الرعاة وبرنامج الناشئين

أعلن الاتحاد إف سي أن بوم الخليج ونجد هما راعياه. كما أطلق النادي برنامجًا للناشئين.",2026-08-10 00:49:52.127929+00
c66a08f8-4437-47f8-a821-80848f1d32a9,ar,Friendly Matches,مباريات ودية,2026-08-11 22:36:42.211285+00
65e8b81c-3692-47c5-82b1-ccaf5d24baf3,ar,Zain First Division,دوري زين للدرجة الأولى,2026-08-11 22:36:42.211285+00
15bcee92-5083-44c3-b3c0-c3084b3d70fd,ar,No favorite matches yet,لا توجد مباريات مفضلة بعد,2026-08-12 00:37:21.669368+00
aa42da78-5b09-4d18-9cf2-981a7036c9fb,ar,Open favorites,فتح المفضلة,2026-08-12 00:37:26.82863+00
90789f4d-eebc-440c-8bc0-38d69c20fe22,ar,Featured match,المباراة البارزة,2026-08-15 02:11:10.312769+00
ee268592-8d66-4c79-80c6-9ceeaaed71b2,ar,No messages yet.,لا توجد رسائل بعد.,2026-08-15 02:11:16.743339+00
86508b92-0169-4104-aa0f-94bcf3360817,ar,No channel yet.,لا توجد قناة بعد.,2026-08-15 02:11:16.797129+00
913ecfe6-124c-4514-81ca-075b7848ec5f,ar,Scheduled,مقررة,2026-08-15 02:11:17.360883+00
de116fbe-60c3-4a6d-99de-bd0b079bdfdc,ar,Match information,معلومات المباراة,2026-08-15 02:11:17.360883+00
ceb6fe40-eda0-4a9a-ab87-99ef683cd557,ar,Date & time,التاريخ والوقت,2026-08-15 02:11:17.360883+00
070d8093-1f78-4f08-881e-86b2c8e6cf32,ar,Draw,تعادل,2026-08-15 02:11:17.360883+00
5a05e47b-367e-41a2-a186-efe417853e8a,ar,Away,الفريق الضيف,2026-08-15 02:11:17.360883+00
f326e36e-ce6d-45cb-85bf-43a990947259,ar,Who will win?,من سيفوز؟,2026-08-15 02:11:17.360883+00
6be5fa8e-a735-4f8e-bb76-b13e4a5af50c,ar,votes,أصوات,2026-08-15 02:11:17.360883+00
c11f822e-fde2-4798-bbb1-df67f7f0af46,ar,Sign in,سجّل الدخول,2026-08-15 02:11:17.360883+00
50a45bd9-e48b-476e-b532-3371053f6e07,ar,to add your prediction.,لإضافة توقعك.,2026-08-15 02:11:17.360883+00
83f6ffce-9f25-4533-825f-91447852e891,ar,Match chat,دردشة المباراة,2026-08-15 02:11:17.360883+00
00ca0c5b-ba18-4a57-8f88-1584399f3395,ar,Sign in to join the chat,سجّل الدخول للانضمام إلى الدردشة,2026-08-15 02:11:17.360883+00
d621eb08-b906-4007-bb28-25d796daa95a,ar,Tap a result to predict.,اضغط على نتيجة للتوقع.,2026-08-15 02:11:17.360883+00
fdec1f36-c358-4a11-8a44-7cf752343d08,ar,Write a message…,اكتب رسالة…,2026-08-15 02:11:17.360883+00
fb8f0175-61c1-493d-82cd-43c530455a46,ar,Send,إرسال,2026-08-15 02:11:17.360883+00
9eb0f79c-66fa-42c8-ad7c-2b8521d3f8ff,ar,Sulaibikhat FC,نادي الصليبيخات,2026-08-15 02:11:33.095621+00
0b8ffacd-d7b3-460b-96fb-1bd2340b63e5,ar,Al Shamiya FC,نادي الشامية,2026-08-15 02:11:33.095621+00
fb9aeaa9-34c6-45a2-bc3b-5a3188f4fa75,ar,Burgan SC,نادي برقان,2026-08-15 02:11:33.095621+00
cc594c20-e785-494f-b991-44a54157dee3,ar,Khaitan SC,نادي خيطان,2026-08-15 02:11:33.095621+00
5ab01e67-7136-4689-a1df-7a33234e52ab,ar,Sporty FC,سبورتي إف سي,2026-08-15 02:11:33.095621+00
1e18f3a5-844e-4b05-a2b2-7e92e80a577b,ar,Tournaments,البطولات,2026-08-15 02:11:42.994297+00
ffa0dd96-89f6-4c11-8986-90d4ae846ddf,ar,No tournaments yet,لا توجد بطولات بعد,2026-08-15 02:11:42.994297+00
b560f629-d6ac-4371-b622-0780ab9269c1,ar,Al Sadaqa Walsalam Stadium,ملعب الصداقة والسلام,2026-08-15 02:11:59.095651+00
a7e80035-ace6-48e2-ab27-5731e7db57ef,ar,Adailiya,العديلِية,2026-08-15 02:11:59.095651+00
a95408df-8fae-42e5-8d10-5582fd0635e4,ar,Next match,المباراة القادمة,2026-08-15 02:11:59.095651+00
6a2d01b8-13c9-4170-be91-cb712fd548de,ar,Dragan Tadić,دراغان تاديتش,2026-08-15 02:11:59.095651+00
fb1b338c-1e23-4f38-a06a-88565ee6e088,ar,Croatia,كرواتيا,2026-08-15 02:12:04.866542+00
cf3f121b-47c4-4a79-826a-c1ff9e3a5c05,ar,Hussain Kankone,حسين كنكوني,2026-08-15 02:12:04.866542+00
61b8fe64-e050-4352-84e9-2ef491730638,ar,Khalifa Rahil,خليفة رحيل,2026-08-15 02:12:04.866542+00
cf0f6db7-10ed-4e81-b997-51132de5683f,ar,Meshal Shehab Kankoni,مشعل شهاب كنكوني,2026-08-15 02:12:04.866542+00
9ca2a34d-c9cc-4462-bf1a-8d55bf7f6de8,ar,Faisal Al Subaie,فيصل السبيعي,2026-08-15 02:12:04.866542+00
af655e38-47f0-44db-a758-cb1faa0ee608,ar,Dhari Al Mesri,ضاري المصري,2026-08-15 02:12:04.866542+00
b3cfc7c4-d89c-41ed-80da-4fad87a9e636,ar,Saleh Faisal Al Mehtab,صالح فيصل المهتاب,2026-08-15 02:12:04.866542+00
4272e55b-a0dc-44e0-a410-87c7ff5ea26b,ar,Bader Dhikrallah,بدر ذكر الله,2026-08-15 02:12:04.866542+00
6935ad65-17ac-4d58-b660-f99f13a1a852,ar,Mohamed Anter,محمد عنتر,2026-08-15 02:12:04.866542+00
9f79f0ce-5277-41c8-b1c9-958dd00bf240,ar,Dhari Al Raqm,ضاري الرقم,2026-08-15 02:12:04.866542+00
66937872-af78-4498-b806-10cda032054b,ar,Fahad Al Hajeri,فهد الهاجري,2026-08-15 02:12:04.866542+00
1d66b047-3fe0-4506-99e7-2eb15cb077d8,ar,Bandar Al Barazi,بندر البرازي,2026-08-15 02:12:04.866542+00
dddfe736-0ddc-4df7-8bf1-ac81eb8083dc,ar,Drice Chaabi,دريس الشعيبي,2026-08-15 02:12:04.866542+00
51d97a28-f08b-4d78-aff9-8342fdf0816d,ar,Sultan Al Enezi,سلطان العنزي,2026-08-15 02:12:04.866542+00
0ff4cb68-9108-49f2-aeb1-5e41671787b6,ar,Khaled Shaman Al Mutairi,خالد شمان المطيري,2026-08-15 02:12:04.866542+00
f5041a8e-7835-417c-b588-defbf73713cd,ar,Abdullah Ghanim Al Fahad,عبد الله غانم الفهد,2026-08-15 02:12:04.866542+00
4e0788c9-310e-4313-aa82-86a18d9933be,ar,Nasser Falah,ناصر فلاح,2026-08-15 02:12:04.866542+00
dfc8d421-1836-45ae-ae35-83382052dbdb,ar,Montaser Al Abdulsalam,منتصر عبد السلام,2026-08-15 02:12:04.866542+00
67a90c2f-3df9-49c0-ab24-882730d71eed,ar,Jarah Al Heleeli,جراح الهيلي,2026-08-15 02:12:04.866542+00
3c5f6bc5-cba1-477a-970e-8a94dfa6942b,ar,Amath Ndaw,أماث نداو,2026-08-15 02:12:04.866542+00
71df5ce7-da07-450a-9d9f-d4b6cf259d17,ar,Othman Al Shammari,عثمان الشمري,2026-08-15 02:12:04.866542+00
1ceb2ae7-cdfe-4edb-84f8-c7480e6be39b,ar,Nasser Mohammedoh,ناصر محمدوه,2026-08-15 02:12:04.866542+00
eb87c5c8-547f-46a4-b6dd-ce8ba0490127,ar,Meshaal Marzouq Al Shammari,مشعل مرزوق الشمري,2026-08-15 02:12:04.866542+00
24177f16-7c18-4949-81ab-a890d400b88c,ar,Shabeeb Al Khaldi,شبيب الخالدي,2026-08-15 02:12:04.866542+00
d9c5b205-4237-4950-932b-cb06b68089ec,ar,Youssef Al Khatib,يوسف الخطيب,2026-08-15 02:12:04.866542+00
4935f0bd-d203-4354-b485-30ba32686c20,ar,Törles Knöll,تورليس كنول,2026-08-15 02:12:04.866542+00
18499590-e97e-4a5c-9278-bf2f76b9f97e,ar,Ahmad Zanki,أحمد زنكي,2026-08-15 02:12:04.866542+00
1cba0be7-dad9-4a4b-8c49-7733d3ad37ed,ar,Patrick Robson,باتريك روبسون,2026-08-15 02:12:04.866542+00
9774e772-f76e-4f41-8b91-8882272e6c4d,ar,Abdulwahab Al Mehtab,عبد الوهاب المهتاب,2026-08-15 02:12:04.866542+00
167f247c-6ac9-40a9-931f-997c47887d80,ar,Omar Al Sanad,عمر السند,2026-08-15 02:12:04.866542+00
f8ca7094-0108-4cf7-8148-8826a837d663,ar,Ali Sabah Al Salem,علي صباح السالم,2026-08-15 02:12:37.854345+00
3296cba0-cc1b-458b-974c-a1f0eedec9f9,ar,Al-Ardiya,العارضية,2026-08-15 02:12:37.854345+00
9acffb98-8a54-4abd-81f7-47a26a0a8d61,ar,Resident clubs,الأندية المقيمة,2026-08-15 02:12:54.420529+00
0b178e97-e633-4f39-8e83-3d2764be1f81,ar,Clubs,الأندية,2026-08-15 02:12:54.546461+00
20cf1efb-c3d1-44ea-8424-4c5777f2ea4f,ar,Matches at this stadium,المباريات في هذا الملعب,2026-08-15 02:12:54.546461+00
2eb8d061-aa79-4054-9b1d-d3c205ef359e,ar,Friendly,ودية,2026-08-15 02:13:09.128679+00
d6fd5f7c-5524-4ff5-af8f-d1e5051e2bcf,ar,Al Jazeera,الجزيرة,2026-08-15 02:13:19.139273+00
879d534b-157d-4305-b687-b49ac83faf31,ar,Abdulaziz Al-Hadhoud,عبدالعزيز الهدهود,2026-08-15 02:13:27.899334+00
463db679-9e35-40f8-a683-918d976e960e,ar,Abdulaziz Ashour,عبدالعزيز عاشور,2026-08-15 02:14:49.810397+00
fc5ea9e4-4b62-432c-8012-675d60b1b591,ar,Hussein Kankouni,حسين كنكوني,2026-08-15 02:14:57.088651+00
ddf30774-0fe9-4615-abe9-9af14d667c17,ar,Ahmad Aadi,أحمد عادي,2026-08-15 02:14:57.088651+00
efc4d7cd-40da-4f78-830b-dc4c6293297a,ar,Jassem Shammouh,جاسم شموه,2026-08-15 02:14:57.088651+00
783dd9f1-b3ac-43b6-9443-a4a371f4173b,ar,Joher Khadim Rassoul,جوهر خادم رسول,2026-08-15 02:14:57.088651+00
22154cfe-ce1b-4374-a527-d46fd0e0687e,ar,Abdullah Ammar,عبد الله عمار,2026-08-15 02:14:57.088651+00
fd982066-5e84-466b-86c2-20365824def0,ar,Ali Aziz,علي عزيز,2026-08-15 02:14:57.088651+00
124598ef-44aa-488d-968e-7c0f987acb8b,ar,Bader Tareq,بدر طارق,2026-08-15 02:14:57.088651+00
38fbb296-ac18-485b-89f4-7aa1c79f11c6,ar,Hussain Ashkanani,حسين أشكناني,2026-08-15 02:14:57.088651+00
0e8177d4-223b-4ad1-99e7-f8a223ba070f,ar,Canaan Markneh,كنعان ماركنه,2026-08-15 02:14:57.088651+00
9648d110-6934-465d-8aef-9ae120d0b3cd,ar,Khaled Al Mershed,خالد المرشد,2026-08-15 02:14:57.088651+00
bb8e761d-8e1a-4ccb-a740-cfc6207cb5e2,ar,Nayef Al Shammari,نايف الشمري,2026-08-15 02:14:57.088651+00
bdd2c870-6f38-4c67-ace3-0f5df3136502,ar,Bader Al Mutairi,بدر المطيري,2026-08-15 02:14:57.088651+00
03053cbf-82f5-4b0d-b440-9056acb1ec8d,ar,Yousef Majed,يوسف ماجد,2026-08-15 02:14:57.088651+00
8dcc2bf2-79b5-4961-ac7f-90b2ed90d1d8,ar,Ali Al Doukhi,علي الدوخي,2026-08-15 02:14:57.088651+00
d05549ac-920a-4e70-b364-938c0d4d60fd,ar,Bandar Al Salama,بندر السلامة,2026-08-15 02:14:57.088651+00
c89496d4-bd16-48f1-a9ba-1207d6a4c609,ar,Ali Khalaf,علي خلف,2026-08-15 02:14:57.088651+00
d63b94e7-13ff-4104-a301-c018a70608b1,ar,Talal Al Qaisi,طلال القيسي,2026-08-15 02:14:57.088651+00
180d313a-e5eb-467d-8f75-f0a7f774aabf,ar,Anayo Iwuala,أنايو إيوالا,2026-08-15 02:14:57.088651+00
0511f25b-023a-4737-8503-b8a1b12bdf00,ar,Zaid Qunbar,زيد قنبر,2026-08-15 02:14:57.088651+00
e3b8a887-fb8f-497d-aee4-709a75c8b915,ar,Emir Cup,كأس الأمير,2026-08-19 23:17:56.578082+00
3bc457af-36a4-4cdd-8b8c-9694d6f390a3,ar,Crown Prince Cup,كأس ولي العهد,2026-08-19 23:17:56.578082+00
3ab7c339-b8f2-4c70-b2e0-68e984de8b90,ar,Kuwaiti Super Cup,كأس السوبر الكويتي,2026-08-19 23:17:56.578082+00
13a1605f-b163-4166-8e87-d4c903704e89,ar,Khaleeji 27,خليجي 27,2026-08-19 23:17:56.578082+00
5b3016db-6ef9-472c-a29f-c9a14be3855c,ar,AFC Asian Cup,كأس آسيا,2026-08-19 23:17:56.578082+00
b87a3743-7c77-4402-8222-cabfa16efc9e,ar,group+knockout,مجموعات+خروج المغلوب,2026-08-19 23:18:20.653572+00
6885238c-9289-4697-bb51-deec9161c518,ar,Japan,اليابان,2026-08-19 23:18:20.653572+00
817cb3b5-1030-4e56-bf81-9254c4dcb24f,ar,Saudi Arabia,السعودية,2026-08-19 23:18:20.653572+00
b44e6c71-2b5f-4bfd-b5b7-8cbe8f87b96b,ar,Iran,إيران,2026-08-19 23:18:20.653572+00
70f5d5fb-6e96-4729-b3a6-0eb4bc25a4db,ar,Qatar,قطر,2026-08-19 23:18:20.653572+00
e796e61b-af85-40ca-b79a-a90092f3e737,ar,South Korea,كوريا الجنوبية,2026-08-19 23:18:20.653572+00
0465ebc4-9421-4caf-b294-64ec0270c629,ar,Australia,أستراليا,2026-08-19 23:18:20.653572+00
06b7854c-25ff-4835-ad19-f6a711ec8a5d,ar,Iraq,العراق,2026-08-19 23:18:20.653572+00
046c0660-0a1a-4d95-aedf-c3a065c26280,ar,Group A,المجموعة أ,2026-08-19 23:18:35.959131+00
c5fb9759-b0b1-4a9f-9e45-823fea7b7050,ar,Bahrain,البحرين,2026-08-19 23:18:35.959131+00
f798f817-1ae3-4682-90c7-2b1bce57df4c,ar,China,الصين,2026-08-19 23:18:35.959131+00
391fbd17-6b31-49bd-9917-263b9a016efd,ar,Indonesia,إندونيسيا,2026-08-19 23:18:35.959131+00
e6894b14-5b07-4fea-a316-14030c043a58,ar,Jordan,الأردن,2026-08-19 23:18:35.959131+00
8d553340-218b-4a8d-9bff-440a4b85deea,ar,Kyrgyzstan,قيرغيزستان,2026-08-19 23:18:35.959131+00
d5132bb4-b853-491b-a562-989f7e2fd433,ar,North Korea,كوريا الشمالية,2026-08-19 23:18:35.959131+00
bbea9801-d206-42b4-bd9f-2ac3650d913f,ar,Oman,عُمان,2026-08-19 23:18:35.959131+00
c7ac743f-0d58-4447-a2f7-aa46b3770ec4,ar,Palestine,فلسطين,2026-08-19 23:18:35.959131+00
07399f28-c8be-47ce-a715-92f700d70f99,ar,Singapore,سنغافورة,2026-08-19 23:18:35.959131+00
2ca372fc-aab6-41ce-ab32-e67e09d37598,ar,Syria,سوريا,2026-08-19 23:18:35.959131+00
e6fb5f1c-4e72-45e0-b58f-a4c08ec9ecf6,ar,Tajikistan,طاجيكستان,2026-08-19 23:18:35.959131+00
52e5fd73-2a45-4a52-b79e-35600d762b26,ar,Thailand,تايلاند,2026-08-19 23:18:35.959131+00
a1303b33-4980-4647-9a3f-e963b82d67a1,ar,United Arab Emirates,الإمارات العربية المتحدة,2026-08-19 23:18:35.959131+00
d303d5e0-a96a-44ff-a346-605208d4ecf2,ar,Uzbekistan,أوزبكستان,2026-08-19 23:18:35.959131+00
b3ca74ab-4fe8-4ce2-b258-d999d8750d6d,ar,Vietnam,فيتنام,2026-08-19 23:18:35.959131+00
09d6c410-2ebf-44cf-81ec-3d5486fc9291,ar,Yemen,اليمن,2026-08-19 23:18:35.959131+00
6f80373d-d892-49b8-8eb1-bdc5424fa93f,ar,Helio Souza,هيليو سوزا,2026-08-19 23:18:47.419155+00
8c2d8aad-5580-410e-8012-7da1697d22af,ar,Sheikh Ahmad Al Yousef Al Sabah,الشيخ أحمد اليوسف الصباح,2026-08-19 23:18:47.419155+00
916fe957-fdd5-4c73-9eab-d0691ad3893e,ar,Jaber Al Ahmad International Stadium,ستاد جابر الأحمد الدولي,2026-08-19 23:18:47.419155+00
2169eeab-7402-4885-b7e8-207a4feabddf,ar,Al Ardiya,العارضية,2026-08-19 23:18:47.419155+00
37cc7300-7663-4f68-80bd-09d067f1b62e,ar,Abdulrahman Al-Fadhli,عبدالرحمن الفضلي,2026-08-19 23:19:40.09693+00
d5090819-d84a-475b-8855-c868d72b6b26,ar,Khaled Sabah,خالد صباح,2026-08-19 23:19:40.09693+00
713272f7-ce45-479c-b68b-6ce543a79965,ar,Moaath Al Dhaferi,معاذ الظفيري,2026-08-19 23:19:40.09693+00
986ab745-bb42-41ff-b6ee-947a9a1796f4,ar,Rashed Al Dosari,راشد الدوسري,2026-08-19 23:19:40.09693+00
775fd5f2-187e-4c40-af8e-17f6841b0f01,ar,Mohamed Al Sherifi,محمد الشريفي,2026-08-19 23:19:40.09693+00
8e28569f-66c4-408a-8819-d082c97e27f1,ar,Nasser Falah Lafi,ناصر فلاح لافي,2026-08-19 23:19:40.09693+00
dfee1a2e-d78b-493d-9887-c63e65c6195d,ar,Fawaz Ayedh,فواز عايض,2026-08-19 23:19:40.09693+00
0bf311d8-1850-4ebb-ba19-1316164d639f,ar,Eid Al Rashidi,عيد الرشيدي,2026-08-19 23:19:40.09693+00
77f75fd5-b834-49dd-80c1-02bcc00c4a0b,ar,Mahdi Dashti,مهدي دشتي,2026-08-19 23:19:40.09693+00
9727db1f-2643-4077-8852-a47dcf40a76a,ar,Jassim Al Mutar,جاسم المطر,2026-08-19 23:19:40.09693+00
f7ff36f3-d7d7-4c10-9595-22867b455632,ar,Mubarak Al Faneni,مبارك الفنيني,2026-08-19 23:19:40.09693+00
fef197ee-4ffa-4171-9e68-9beaf7793e55,ar,Abdullah Al Awadhi,عبدالله العوضي,2026-08-19 23:19:40.09693+00
efdbb3b1-cf06-4c8c-ac56-3b2a0c0b4eb9,ar,Moaath Al Enezi,معاذ العنزي,2026-08-19 23:19:40.09693+00
54720c3b-68db-4426-a431-4ec3eeae4ae3,ar,Athbi Shehab,عذبي شهاب,2026-08-19 23:19:40.09693+00
